Data,Otwarcie,Zamknięcie,Maks.,Min.,Obrót (mln. zł),Zmiana (%)
2021-07-02,139.8,139.2,139.8,137,8.15,0
2021-07-02,139.8,139.2,139.8,137,8.15,0.14
2021-07-01,133.6,139,139,131.2,3,0.87
2021-06-30,139,137.8,139.8,137.2,5.07,0.88
2021-06-29,136,136.6,138.2,135.2,4.05,0.29
2021-06-28,131.6,136.2,136.2,129.6,8.65,2.41
2021-06-25,128,133,136.2,127.6,3.52,4.72
2021-06-24,126.2,127,127,121,1.79,0.63
2021-06-23,127.4,126.2,128,126.2,1.95,-0.63
2021-06-22,128,127,128,126.2,1.28,-0.78
2021-06-21,129.6,128,129.6,126.2,6.75,-1.08
2021-06-18,123.8,129.4,130,123.6,5.32,4.52
2021-06-17,122,123.8,124,121.2,2.34,1.81
2021-06-16,123.6,121.6,123.6,121.2,1.7,-1.78
2021-06-15,120.8,123.8,123.8,119.6,2.15,2.48
2021-06-14,118.8,120.8,120.8,118.6,0.83,0.83
2021-06-11,123.4,119.8,125,119.2,9.8,-2.6
2021-06-10,120,123,123,119.2,3.77,1.82
2021-06-09,122.8,120.8,122.8,119.6,0.64,-0.49
2021-06-08,120.6,121.4,123,119.6,2.69,-0.98
2021-06-07,117.4,122.6,123,117.4,2.06,3.55
2021-06-04,120.8,118.4,121.2,116.8,2.85,0.17
2021-06-03,118.2,118.2,118.2,118.2,0,0
2021-06-01,118,118.2,119.4,117,2.08,0
2021-05-31,120,118.2,120,117.6,0.76,-0.67
2021-05-28,119.2,119,120.4,116.4,3.54,0
2021-05-27,125.6,119,126.2,119,34.59,-5.41
2021-05-26,120.2,125.8,126.2,120.2,11.58,4.31
2021-05-25,116.6,120.6,122,116.6,8.39,3.43
2021-05-24,117.2,116.6,119.4,115.4,4.04,-0.85
2021-05-21,119,117.6,120,117.4,11.24,-0.34
2021-05-20,117.8,118,119.4,116,4.69,0.85
2021-05-19,118.2,117,119,115.8,2.56,-1.18
2021-05-18,122.8,118.4,122.8,118.4,2.78,-2.15
2021-05-17,120.4,121,122.2,120.4,2.22,0.17
2021-05-14,123.2,120.8,124.8,120.8,5.57,-1.95
2021-05-13,126.4,123.2,126.4,121.6,4.69,-1.44
2021-05-12,122.8,125,126.2,122.8,7,1.96
2021-05-11,124,122.6,124.6,121.8,6.81,-3.16
2021-05-10,121,126.6,127,119.4,5.23,4.63
2021-05-07,122.2,121,122.8,121,5.2,-1.63
2021-05-06,125.8,123,125.8,122.2,9.78,-2.38
2021-05-05,122,126,126,121.8,3.17,2.44
2021-05-04,124.8,123,124.8,121.2,8.89,-1.6
2021-04-30,124.4,125,125.2,122.6,4.76,1.46
2021-04-29,123,123.2,124.4,122.2,5.08,0.16
2021-04-28,123,123,124.6,120.4,8.15,-1.13
2021-04-27,125,124.4,126.2,124.4,3.21,-1.27
2021-04-26,126.2,126,126.2,124.2,2.1,0.8
2021-04-23,123.4,125,126.2,120.4,5.46,-0.64
2021-04-22,127.8,125.8,127.8,124.6,3.23,-1.56
2021-04-21,127,127.8,128.6,126.4,3.33,-0.47
2021-04-20,127.6,128.4,129.4,127,7,0.31
2021-04-19,128,128,129.8,127.8,5.06,0
2021-04-16,128.2,128,128.2,127,8.96,0.63
2021-04-15,127,127.2,129,126.8,2.55,0.16
2021-04-14,127,127,128,126.2,11.9,0
2021-04-13,129,127,129,127,12.48,-1.55
2021-04-12,126.4,129,131,126.4,1.58,1.57
2021-04-09,129,127,129.4,126.4,5.7,-0.63
2021-04-08,127,127.8,128.8,126.8,3.98,1.43
2021-04-07,126.6,126,126.6,125.4,3.82,-0.32
2021-04-06,126,126.4,127,125.4,3.79,0.8
2021-04-05,125.4,125.4,125.4,125.4,0,0
2021-04-02,125.4,125.4,125.4,125.4,0,0
2021-04-01,125.6,125.4,126.6,124.4,1.53,-0.32
2021-03-31,125,125.8,126,122.6,3.13,2.28
2021-03-30,120.6,123,123.4,119.4,2.56,2.5
2021-03-29,120.6,120,120.8,119.2,0.94,1.52
2021-03-26,120.8,118.2,120.8,118.2,1.44,-0.67
2021-03-25,120,119,120,117.2,1.34,-1.49
2021-03-24,120.4,120.8,121,119,1.02,0.17
2021-03-23,120.6,120.6,121,118.4,0.78,-0.66
2021-03-22,117.2,121.4,121.8,117.2,1.72,4.3
2021-03-19,117.6,116.4,120.4,116.4,2.89,-2.18
2021-03-18,122.8,119,122.8,119,1.22,-3.09
2021-03-17,123.8,122.8,124,120.2,1.3,-0.97
2021-03-16,121,124,124,120.2,0.85,3.16
2021-03-15,121.8,120.2,123,120.2,1.96,-3.38
2021-03-11,120,124.4,124.4,120,4.36,4.36
2021-03-10,115.8,119.2,125,114,6.78,2.76
2021-03-09,117.6,116,117.6,114.6,8.91,-0.85
2021-03-08,118.4,117,119.6,116.8,3.28,-0.85
2021-03-05,120,118,120.6,117.6,1.56,-1.67
2021-03-04,122,120,122,119.8,1.32,0
2021-03-03,121.6,120,122.2,120,2.01,-0.17
2021-03-02,120,120.2,122.2,120,2.18,0
2021-03-01,121.2,120.2,123.6,118.4,2.19,-2.91
2021-02-26,122.6,123.8,127,119,7.01,-0.48
2021-02-25,120.8,124.4,124.6,118.4,3.76,3.49
2021-02-24,118,120.2,122.4,116.6,3.72,0.84
2021-02-23,126.8,119.2,126.8,118,7.8,-5.99
2021-02-22,127,126.8,127.6,125.4,8.13,-0.47
2021-02-19,128,127.4,129.6,126.6,3.94,-0.78
2021-02-18,128.4,128.4,129.8,128,8.26,0.31
2021-02-17,128,128,129.6,126.4,7.57,0.79
2021-02-16,126.8,127,128.4,125.6,4.3,0
2021-02-15,128,127,128,125.4,7.14,-0.78
2021-02-12,121,128,128.6,120.8,7.92,5.96
2021-02-11,117.2,120.8,120.8,117.2,6.17,2.37
2021-02-10,119,118,119.2,117.8,2.98,-1.01
2021-02-09,119.2,119.2,119.4,117.6,2.32,0.34
2021-02-08,120,118.8,120,118,2.35,-0.17
2021-02-05,116,119,120,115.4,6.92,0.17
2021-02-04,112,118.8,119.4,111,3.12,6.26
2021-02-03,111,111.8,111.8,110.6,5.57,0.9
2021-02-02,109,110.8,111.6,109,3.58,2.4
2021-02-01,113.2,108.2,113.4,108,3.47,-3.39
2021-01-29,107,112,113.6,105,4.73,4.67
2021-01-28,105.8,107,107,104.2,1.48,0.94
2021-01-27,106.2,106,107.4,105.6,1.32,-0.19
2021-01-26,106,106.2,106.6,103.2,3.51,2.12
2021-01-25,107.8,104,107.8,104,0.72,-3.17
2021-01-22,106.8,107.4,107.4,106.2,0.44,0.56
2021-01-21,108,106.8,108,105.4,1.26,-0.93
2021-01-20,108.8,107.8,109,105,1.94,-0.19
2021-01-19,107.6,108,108,106.8,5.43,0.93
2021-01-18,107,107,108.2,105,5.59,4.7
2021-01-15,103,102.2,104.8,101.4,0.73,0.39
2021-01-14,102.6,101.8,105.6,100.2,3,0
2021-01-13,105.4,101.8,106.6,101.6,1.42,-3.42
2021-01-12,108.8,105.4,108.8,105.2,1.46,-0.19
2021-01-11,104.8,105.6,108.4,104,2.24,0.76
2021-01-08,104.8,104.8,105.6,103.8,4.02,0.77
2021-01-07,104,104,104.6,103,5.72,0
2021-01-05,105.2,104,105.8,102.6,1.24,-1.89
2021-01-04,106.6,106,108,105.2,2.26,0.95
2020-12-31,105,105,105,105,0,0
2020-12-30,107.2,105,107.2,104.2,0.9,-2.05
2020-12-29,105,107.2,108.4,104.6,2.37,3.08
2020-12-28,103,104,106.2,102.6,2.19,1.96
2020-12-24,102,102,102,102,0,0
2020-12-23,100.8,102,103.8,100.8,0.71,1.39
2020-12-22,101.4,100.6,102.2,100.6,0.71,-0.98
2020-12-21,102,101.6,102,100.2,2.51,-0.39
2020-12-18,99.8,102,102,99.8,2,0.99
2020-12-17,102,101,102.8,100,1.27,0
2020-12-16,97,101,101.4,97,3.61,3.06
2020-12-15,97.4,98,98,97.1,3.35,0.93
2020-12-14,97.5,97.1,98.1,96.9,3.91,-1.42
2020-12-11,97.3,98.5,99.3,96.8,1.46,1.23
2020-12-10,98.4,97.3,98.7,96.7,11.1,-1.12
2020-12-09,99.4,98.4,99.5,97.9,15,-0.4
2020-12-08,99.2,98.8,99.2,98,0.65,0.71
2020-12-07,97,98.1,99.6,94.8,3.03,1.13
2020-12-04,97.5,97,97.5,96.5,1.57,0
2020-12-03,96,97,98,96,2.26,1.04
2020-12-02,96.9,96,97,96,2.58,-0.21
2020-12-01,95.5,96.2,96.9,95,1.69,0.73
2020-11-30,94,95.5,95.7,94,3.29,1.6
2020-11-27,91,94,95,90.5,3.86,3.3
2020-11-26,92,91,92.7,90.2,7.97,-1.09
2020-11-25,93.7,92,94.6,91.2,3.57,-1.81
2020-11-24,95.3,93.7,95.3,93,1.45,-1.68
2020-11-23,94.8,95.3,97.9,94.8,1.24,1.38
2020-11-20,94,94,95.5,93.8,7.67,0
2020-11-19,92.8,94,94.8,92.5,3.38,0.53
2020-11-18,94.5,93.5,96.5,93.4,1.58,-2.09
2020-11-17,96.5,95.5,97.5,94.6,1.57,-3.44
2020-11-16,96.5,98.9,99,93.4,4.13,2.91
2020-11-13,95.9,96.1,96.8,95.3,1.85,1.16
2020-11-12,92.7,95,97.7,92,4.86,4.28
2020-11-10,95.9,91.1,96,89.5,7.28,-5.01
2020-11-09,99.3,95.9,105,90.4,8.52,-2.24
2020-11-06,100,98.1,100,97.3,2.08,-1.8
2020-11-05,99.5,99.9,100.6,96.6,3.31,0.91
2020-11-04,99.3,99,99.7,98.4,1.65,0.41
2020-11-03,99,98.6,99.9,98.2,1.43,0.2
2020-11-02,96.1,98.4,98.5,96.1,3.54,3.14
2020-10-30,97.4,95.4,98.2,94.7,2.41,-4.02
2020-10-29,96.1,99.4,100.8,96,2.07,3.43
2020-10-28,106,96.1,106.2,95.6,4.47,-7.6
2020-10-27,106,104,106,102.6,4.28,0.19
2020-10-26,99.6,103.8,103.8,99.6,5.17,3.8
2020-10-23,100,100,104.6,97.3,10.55,-7.41
2020-10-22,103.6,108,108.8,103,10.63,2.66
2020-10-21,112,105.2,112,104.8,3.34,-5.73
2020-10-20,113,111.6,113.4,111.6,4.04,-1.24
2020-10-19,113,113,115,110,8.21,1.8
2020-10-16,103,111,117,103,10.54,10.12
2020-10-15,102.8,100.8,106.8,98.5,9.3,-2.14
2020-10-14,94.5,103,103.8,94,10.58,9.57
2020-10-13,95,94,95.4,93.5,1.41,0
2020-10-12,96.1,94,96.1,93.3,0.95,-0.95
2020-10-09,96.6,94.9,96.6,94,0.42,-1.56
2020-10-08,97.8,96.4,97.8,96,2.73,-1.43
2020-10-07,94.6,97.8,97.8,93,1.05,1.88
2020-10-06,99,96,99.3,95,1.3,-2.54
2020-10-05,94.5,98.5,98.5,94.5,1.43,4.23
2020-10-02,90.9,94.5,94.7,89.9,1.3,4.07
2020-10-01,92,90.8,92,89.4,2.52,-0.11
2020-09-30,89.5,90.9,90.9,86.6,0.89,0.66
2020-09-29,92.5,90.3,93.4,90,0.7,-1.85
2020-09-28,93.4,92,94.7,91.5,0.84,-1.39
2020-09-25,91.1,93.3,95.7,91.1,0.99,0
2020-09-24,91.5,93.3,93.3,91.1,2.06,1.74
2020-09-23,93.1,91.7,94.3,91.2,4.32,-2.45
2020-09-22,94.1,94,94.8,91.7,4.86,-0.53
2020-09-21,92,94.5,95,88,3.9,3.05
2020-09-18,87.3,91.7,91.9,87.3,1.77,3.62
2020-09-17,87,88.5,88.7,85.5,1.03,2.08
2020-09-16,85,86.7,87,85,0.47,0.58
2020-09-15,86.5,86.2,87.6,84.6,3.35,0.12
2020-09-14,88.4,86.1,88.4,86.1,1.26,-2.6
2020-09-11,90.5,88.4,91,88.4,0.83,-2.64
2020-09-10,90.2,90.8,91.7,88.5,1.19,0.11
2020-09-09,85,90.7,91,84.2,2.4,3.42
2020-09-08,88.9,87.7,88.9,80.2,4.53,-1.35
2020-09-07,91,88.9,93.3,85.1,1.68,-2.74
2020-09-04,90,91.4,93,90,1.1,-1.72
2020-09-03,94,93,95,91.2,3.03,-1.06
2020-09-02,88,94,95,83.5,3.78,4.91
2020-09-01,90,89.6,92.5,89,1.8,-1.54
2020-08-31,90.9,91,92,87.2,3.06,-2.26
2020-08-28,95,93.1,95,93.1,0.48,-1.9
2020-08-27,93.2,94.9,95,90.7,0.85,1.82
2020-08-26,96.3,93.2,96.3,91.4,1.76,-2.92
2020-08-25,96,96,96.1,93.7,1.45,1.05
2020-08-24,95,95,95,93.8,0.82,0.42
2020-08-21,96.9,94.6,96.9,93.7,1.56,-2.37
2020-08-20,98.8,96.9,98.8,96.2,4.03,-2.12
2020-08-19,98.8,99,99.5,98.1,3.37,0.81
2020-08-18,99,98.2,99,96.2,3.44,0.2
2020-08-17,98.8,98,100,96.3,1.05,2.62
2020-08-14,97,95.5,98.2,95.5,4.11,-2.45
2020-08-13,93.5,97.9,99.1,93.5,1.52,5.5
2020-08-12,94,92.8,95,86.8,4.75,-1.8
2020-08-11,96.5,94.5,97.9,93.1,1.5,-1.15
2020-08-10,100,95.6,102.8,94.1,5.77,-3.82
2020-08-07,93,99.4,99.8,93,3.64,7.46
2020-08-06,94.7,92.5,94.7,91.9,1.74,-1.39
2020-08-05,90,93.8,93.8,89,3.3,5.04
2020-08-04,89.8,89.3,90,88.5,0.94,0.45
2020-08-03,88.7,88.9,89.4,87,2.27,0.57
2020-07-31,87.5,88.4,89,85,4.29,1.03
2020-07-30,89.8,87.5,90,85.6,5.55,-2.56
2020-07-29,85.2,89.8,92.2,85,2.88,5.03
2020-07-28,85.4,85.5,85.7,84.5,2.07,0
2020-07-27,86.6,85.5,86.7,85.2,2.31,-1.16
2020-07-24,85,86.5,86.5,85,1.85,1.76
2020-07-23,83,85,86.7,82.2,1.4,2.41
2020-07-22,83.7,83,84.6,82.3,2.38,-0.84
2020-07-21,85,83.7,87,83.7,1.43,-1.06
2020-07-20,86,84.6,86.8,81.5,1.56,-0.7
2020-07-17,85,85.2,87,84.5,1.5,0.24
2020-07-16,82.2,85,89.5,81.5,8.72,11.4
2020-07-15,74.9,76.3,77.5,74.6,2.93,1.6
2020-07-14,76.5,75.1,77,74.1,1.17,-1.18
2020-07-13,76.2,76,77.4,75.6,3.96,-0.13
2020-07-10,74.5,76.1,76.9,72.8,0.88,0.79
2020-07-09,78.9,75.5,79,75,3.7,-3.21
2020-07-08,77.2,78,79.1,76.3,1.47,2.63
2020-07-07,77.4,76,78.4,75.1,4.97,-1.43
2020-07-06,73,77.1,79.5,73,8.8,6.49
2020-07-03,72.9,72.4,74.5,71.1,2.84,0.14
2020-07-02,70.4,72.3,73,70.1,7.08,4.18
2020-07-01,67,69.4,69.8,67,7.25,9.12
2020-06-30,64.6,63.6,64.8,62.2,1.43,-1.4
2020-06-29,63.9,64.5,64.9,62.5,0.9,2.06
2020-06-26,63,63.2,64.5,62.8,0.56,0.16
2020-06-25,63.5,63.1,65.4,62.1,2.92,0.96
2020-06-24,64.3,62.5,64.9,62.5,0.71,-2.8
2020-06-23,64,64.3,64.7,63.1,2.27,0.47
2020-06-22,63.7,64,65.7,63.1,0.8,1.59
2020-06-19,63,63,63,62.2,1.3,-1.1
2020-06-18,64.4,63.7,64.4,62.7,0.46,0
2020-06-17,62.9,63.7,64.4,62.9,1.01,1.11
2020-06-16,62,63,63.5,61.9,1.19,1.94
2020-06-15,61.2,61.8,63,60.7,0.87,0
2020-06-12,60.3,61.8,62.4,58.2,1.83,-1.12
2020-06-11,62.5,62.5,62.5,62.5,0,0
2020-06-09,60.1,62.5,63.4,59,2.21,5.04
2020-06-08,60,59.5,60.8,58.7,1.95,-0.34
2020-06-05,60,59.7,61.9,59.2,6.47,4.01
2020-06-04,58.1,57.4,58.2,56.8,2.46,-1.88
2020-06-03,60.7,58.5,60.7,57.2,4.64,-1.68
2020-06-02,60.5,59.5,61,58.8,5.11,-2.46
2020-06-01,61.3,61,62.2,60.8,0.86,-0.81
2020-05-29,62.7,61.5,62.7,61.4,3.05,-1.13
2020-05-28,63.1,62.2,63.8,61.1,2.7,0.65
2020-05-27,67,61.8,67,61.6,5.78,-7.76
2020-05-26,67.9,67,67.9,66.3,2.67,-1.47
2020-05-25,62.8,68,68.2,62.8,3.33,8.28
2020-05-22,61.6,62.8,62.8,61.5,0.36,0.8
2020-05-21,62.5,62.3,63.9,62.1,1.38,0.48
2020-05-20,63,62,63,61.8,2.29,-1.59
2020-05-19,63.7,63,63.7,62.1,2.6,-0.16
2020-05-18,63.4,63.1,64.7,62.9,3.25,-0.16
2020-05-15,62,63.2,63.2,61.3,0.96,3.78
2020-05-14,63,60.9,63.5,58.3,3.92,-4.84
2020-05-13,64.7,64,64.7,63.8,1.49,-1.39
2020-05-12,63.6,64.9,64.9,63.2,2.42,2.04
2020-05-11,61.9,63.6,63.8,61.1,2.46,2.75
2020-05-08,59.8,61.9,62.9,59.8,10.76,4.56
2020-05-07,58.8,59.2,59.2,58,3.47,0.68
2020-05-06,58.2,58.8,58.8,57.2,3.57,1.38
2020-05-05,57.9,58,59,57.3,2.28,0
2020-05-04,59.2,58,59.2,57,4.27,-2.52
2020-04-30,58.7,59.5,59.5,57.4,2.88,1.54
2020-04-29,57.4,58.6,58.8,56,2.67,2.81
2020-04-28,55.4,57,57.5,55,5.04,2.89
2020-04-27,52.7,55.4,55.7,52.5,5.66,5.73
2020-04-24,52.7,52.4,53.9,51.7,3.45,-2.96
2020-04-23,52.5,54,54,50.8,3.6,3.65
2020-04-22,53.1,52.1,54,51.9,4.06,-3.16
2020-04-21,54.2,53.8,54.2,51.8,7.68,0.56
2020-04-20,55,53.5,55,52.4,2.84,-1.83
2020-04-17,55,54.5,56.4,54.3,5.9,0.37
2020-04-16,47.95,54.3,55.8,47.95,14.41,15.29
2020-04-15,45.6,47.1,48.45,45.6,5.11,3.52
2020-04-14,45.5,45.5,45.8,44.95,1.99,-0.66
2020-04-13,45.8,45.8,45.8,45.8,0,0
2020-04-10,45.8,45.8,45.8,45.8,0,0
2020-04-09,46.9,45.8,46.9,45.4,0.51,-2.35
2020-04-08,45.05,46.9,46.9,44.65,2.59,4.22
2020-04-07,46,45,47.5,43.55,1.66,-1.53
2020-04-06,43.95,45.7,45.7,43.95,7.96,3.98
2020-04-03,43.4,43.95,44.2,42.7,1.07,2.81
2020-04-02,42.5,42.75,42.75,42.35,4.39,0.71
2020-04-01,42.15,42.45,42.8,42,1,0.71
2020-03-31,42.5,42.15,43.3,41.85,2.39,-0.82
2020-03-30,42.5,42.5,43,41.4,2.95,0
2020-03-27,41.7,42.5,42.85,41,4.62,3.16
2020-03-26,40,41.2,41.35,40,1.96,1.48
2020-03-25,42,40.6,42.5,39.7,8.17,-0.98
2020-03-24,40.9,41,42,40.45,1.87,1.86
2020-03-23,42,40.25,42,40.1,0.82,-6.4
2020-03-20,43.3,43,44.8,42.8,6.91,0.47
2020-03-19,38.95,42.8,42.8,38.5,3.24,11.02
2020-03-18,38.35,38.55,40.05,38.05,3.88,0.52
2020-03-17,37.25,38.35,39.4,36.6,2.79,3.65
2020-03-16,34.8,37,37,33.9,1.52,0
2020-03-13,36.1,37,37.95,35.1,1.5,-3.27
2020-03-12,38.25,38.25,38.25,38.25,0,0
2020-03-11,38.25,38.25,38.25,38.25,0,0
2020-03-10,40.55,38.25,41.45,38,1.29,-5.67
2020-03-09,41,40.55,41.85,39.9,2.94,-7.63
2020-03-06,43.9,43.9,43.9,41.5,7.5,-0.23
2020-03-05,44.85,44,45,43.7,2.7,0.34
2020-03-04,44,43.85,44.4,43.55,3.03,-2.34
2020-03-03,43.5,44.9,44.9,42,1,4.42
2020-03-02,43.3,43,44.2,41.6,1.38,-0.69
2020-02-28,39.7,43.3,43.3,38.7,6.47,0
2020-02-27,45,43.3,45,40.5,2.81,-4.94
2020-02-26,44.5,45.55,47,43.5,1.32,2.36
2020-02-25,43,44.5,44.5,43,1.62,2.77
2020-02-24,45.15,43.3,45.5,42.2,2.51,-4.84
2020-02-21,46.5,45.5,46.5,44.4,1.31,-1.52
2020-02-20,47,46.2,47.5,46.2,1.08,-1.7
2020-02-19,47.2,47,47.2,46.5,1.36,0
2020-02-18,47.2,47,47.2,46.6,0.13,-0.42
2020-02-17,47.2,47.2,47.6,47.1,0.23,0.43
2020-02-14,47,47,47,46.4,0.35,0
2020-02-13,47.5,47,47.5,46.75,0.1,-0.42
2020-02-12,46.5,47.2,47.2,46.35,0.44,1.72
2020-02-11,46.05,46.4,46.4,45.9,0.29,0.87
2020-02-10,45.5,46,46,45.5,1.35,1.1
2020-02-07,46.4,45.5,46.4,45.4,0.63,-1.19
2020-02-06,46.95,46.05,46.95,45.9,1.14,-1.5
2020-02-05,46.85,46.75,46.95,46.25,1.43,-0.32
2020-02-04,46.15,46.9,46.9,46.15,0.35,1.63
2020-02-03,46.1,46.15,46.85,46.1,0.52,-1.7
2020-01-31,47,46.95,47,46,0.24,-0.74
2020-01-30,47.5,47.3,47.5,46.05,0.32,0.64
2020-01-29,47.35,47,47.5,46.95,3.17,-0.74
2020-01-28,47.1,47.35,47.35,45.5,0.41,0
2020-01-27,48,47.35,48,45.2,2.14,-0.32
2020-01-24,47.35,47.5,47.8,47,0.49,0.32
2020-01-23,47.1,47.35,47.95,47,3.6,0.96
2020-01-22,46.7,46.9,47.1,46.2,1.13,0.43
2020-01-21,46.7,46.7,46.9,46.5,2,0
2020-01-20,45.95,46.7,46.7,45.9,1.11,1.74
2020-01-17,45.3,45.9,46,45,3.32,1.32
2020-01-16,43,45.3,45.9,42.55,2.87,7.86
2020-01-15,43.2,42,43.2,42,0.44,-2.55
2020-01-14,43.2,43.1,43.2,42.9,0.19,-0.23
2020-01-13,43.3,43.2,43.35,42.5,0.27,-0.12
2020-01-10,42.9,43.25,43.5,42.9,0.2,1.05
2020-01-09,43.5,42.8,43.5,42.5,0.19,-0.81
2020-01-08,42.9,43.15,43.3,42.5,0.11,-0.35
2020-01-07,42.6,43.3,43.4,41,0.4,3.34
2020-01-03,43.25,41.9,43.5,41.5,0.5,-2.56
2020-01-02,42.6,43,43.45,42.4,0.28,-0.69
2019-12-31,43.3,43.3,43.3,43.3,0,0
2019-12-30,43.8,43.3,43.8,42.2,1.92,-0.46
2019-12-27,41.95,43.5,44,41.95,0.71,3.69
2019-12-24,41.95,41.95,41.95,41.95,0,0
2019-12-23,40.8,41.95,42,40.7,1.1,2.82
2019-12-20,41.7,40.8,42,40.65,3.54,-0.97
2019-12-19,42.25,41.2,42.5,41.15,0.17,-2.49
2019-12-18,43,42.25,43,42.25,0.21,-1.52
2019-12-17,41.2,42.9,43,41.2,0.6,4.13
2019-12-16,41,41.2,41.9,41,0.3,0.49
2019-12-13,40.9,41,41.5,40.5,0.19,0.99
2019-12-12,40.7,40.6,40.75,40.15,0.52,0.25
2019-12-11,40,40.5,40.8,40,1.34,0
2019-12-10,40.5,40.5,40.7,40.5,0.1,0
2019-12-09,40.7,40.5,40.75,40.2,0.18,0
2019-12-06,40.95,40.5,40.95,40.4,0.47,-0.86
2019-12-05,40.85,40.85,40.9,40.3,0.54,0.37
2019-12-04,40.5,40.7,41.1,39.1,1.49,0.49
2019-12-03,39.9,40.5,40.5,39.9,0.83,0.25
2019-12-02,40,40.4,41,39,0.73,0.75
2019-11-29,39.3,40.1,40.2,39.3,1.23,2.3
2019-11-28,37.5,39.2,39.2,37.3,3.73,5.95
2019-11-27,37.4,37,37.4,37,0.15,-0.67
2019-11-26,37,37.25,37.4,37,0.29,0.68
2019-11-25,36.5,37,37.25,36.15,0.28,0.41
2019-11-22,36.5,36.85,36.85,36.5,0.11,0.96
2019-11-21,36.05,36.5,36.5,35.6,0.19,1.25
2019-11-20,37.3,36.05,37.3,34.5,0.55,-2.57
2019-11-19,37,37,37,36.15,0.18,-0.54
2019-11-18,36.7,37.2,37.5,36.2,0.21,1.64
2019-11-15,36.85,36.6,36.85,36.4,1.66,0.27
2019-11-14,36.4,36.5,36.8,36.15,0.49,0.97
2019-11-13,36.95,36.15,36.95,36.1,0.07,-0.96
2019-11-12,37,36.5,37.05,36.45,0.2,-0.54
2019-11-08,36.5,36.7,36.9,36.4,0.5,0.82
2019-11-07,36,36.4,36.55,36,0.1,1.11
2019-11-06,36.3,36,36.35,35.7,0.53,-0.83
2019-11-05,37,36.3,37.05,36.15,0.19,-2.16
2019-11-04,38,37.1,38,37,0.43,-2.11
2019-10-31,37.5,37.9,38.15,37.5,0.32,-0.26
2019-10-30,38,38,38,37.4,0.33,-0.52
2019-10-29,36.7,38.2,38.2,36.6,1.16,4.23
2019-10-28,37.5,36.65,37.6,35.75,0.57,-1.61
2019-10-25,37,37.25,37.25,36.6,0.36,0.68
2019-10-24,36.55,37,37.75,35.85,2.17,3.35
2019-10-23,36.9,35.8,36.9,35.7,0.44,0.56
2019-10-22,35.8,35.6,35.8,34.6,0.37,0.28
2019-10-21,35.45,35.5,35.7,35.05,0.21,0.14
2019-10-18,35.4,35.45,35.5,34.6,0.24,0.14
2019-10-17,35.1,35.4,35.4,34.25,0.32,1.14
2019-10-16,34.4,35,35,34.1,0.5,1.74
2019-10-15,35,34.4,35,34.4,0.12,-1.57
2019-10-14,34.05,34.95,35.3,34.05,0.11,1.45
2019-10-11,33.9,34.45,34.6,33.8,0.31,1.77
2019-10-10,34,33.85,34,33.8,0.09,0
2019-10-09,34.15,33.85,34.15,33.5,0.12,-1.02
2019-10-08,34,34.2,34.2,33.7,0.37,0.59
2019-10-07,34.8,34,34.8,34,0.71,-1.16
2019-10-04,33.9,34.4,34.8,33.9,0.69,1.47
2019-10-03,34.05,33.9,34.8,33.7,0.8,-3
2019-10-02,34.8,34.95,35.4,33.5,1,-4.77
2019-10-01,36.1,36.7,36.75,36.1,0.18,1.52
2019-09-30,35.5,36.15,36.55,35.1,1.59,-1.63
2019-09-27,36.9,36.75,38.2,36.75,1.14,-0.41
2019-09-26,36.7,36.9,36.9,36.4,1.51,1.37
2019-09-25,36.9,36.4,36.95,36.35,0.14,-0.55
2019-09-24,36.4,36.6,36.9,36.4,0.14,0.83
2019-09-23,36.35,36.3,36.7,36.15,0.11,0.55
2019-09-20,36.55,36.1,36.95,35.8,0.41,-1.5
2019-09-19,35.7,36.65,36.65,35.5,0.3,2.66
2019-09-18,35.95,35.7,36,35.65,0.16,-0.7
2019-09-17,35.75,35.95,36,35.55,0.15,-0.14
2019-09-16,36,36,36.2,35.5,0.57,1.12
2019-09-13,35.55,35.6,37,35.55,0.26,-1.11
2019-09-12,36.45,36,36.5,35.5,0.16,-1.37
2019-09-11,37.1,36.5,37.1,35.25,0.18,-1.35
2019-09-10,37.45,37,37.45,36.8,0.52,0
2019-09-09,36.9,37,37.3,36.7,0.36,0.14
2019-09-06,36.7,36.95,37.1,36.1,0.49,1.09
2019-09-05,36.5,36.55,36.7,36,0.24,0.41
2019-09-04,35,36.4,36.4,33.5,0.83,0.55
2019-09-02,36.5,36.2,37.3,36.1,0.48,-0.82
2019-08-30,37.05,36.5,37.45,36.4,0.35,-0.27
2019-08-29,37.4,36.6,37.5,36,1.24,-5.67
2019-08-28,38.5,38.8,38.95,38,2.16,2.11
2019-08-27,38.5,38,38.65,37.75,1.58,-1.94
2019-08-26,38.7,38.75,39,38.2,0.33,-0.64
2019-08-23,38.4,39,39.5,38.4,1.76,2.09
2019-08-22,38.45,38.2,38.45,38.05,0.16,0.39
2019-08-21,37.7,38.05,38.5,37.7,0.27,0.26
2019-08-20,37.95,37.95,38.5,37.5,0.27,-1.68
2019-08-19,38.1,38.6,39.1,38,0.67,1.71
2019-08-16,36.8,37.95,37.95,36.8,0.93,2.71
2019-08-14,36.5,36.95,36.95,36,12.54,1.51
2019-08-13,35.4,36.4,36.45,35.4,0.64,1.53
2019-08-12,36,35.85,36.55,35.55,0.34,0.7
2019-08-09,35.85,35.6,36.85,35.45,0.82,0.28
2019-08-08,35.65,35.5,35.9,35.5,0.31,0.85
2019-08-07,35.2,35.2,36,35.05,0.96,0.28
2019-08-06,35.6,35.1,36,35.1,0.7,-2.5
2019-08-05,37.2,36,37.7,35.7,1.44,-1.91
2019-08-02,34.05,36.7,36.7,34.05,11.57,11.04
2019-08-01,33.35,33.05,33.35,32.9,1.46,0.15
2019-07-31,33.05,33,33.3,32.85,0.71,0
2019-07-30,33.15,33,33.4,32.85,0.33,-1.2
2019-07-29,33,33.4,33.8,33,0.49,1.52
2019-07-26,33,32.9,33.1,32.8,0.36,-0.3
2019-07-25,33.3,33,33.3,32.7,0.16,-0.3
2019-07-24,33.5,33.1,33.55,32.2,0.47,-1.49
2019-07-23,34,33.6,34,33.55,0.11,-1.18
2019-07-22,33.9,34,34,33.85,0.15,0.29
2019-07-19,33.9,33.9,34,33.85,0.65,0.15
2019-07-18,33.95,33.85,34.3,33.65,0.25,-0.15
2019-07-17,34.5,33.9,34.5,33.35,7.19,-1.74
2019-07-16,35.25,34.5,35.25,34.5,2.44,-1.29
2019-07-15,34.8,34.95,35.5,34.5,0.9,0.29
2019-07-12,34.35,34.85,34.85,34,0.48,1.9
2019-07-11,34.45,34.2,34.45,33.8,0.1,0.15
2019-07-10,34.8,34.15,34.8,33.2,0.22,-1.73
2019-07-09,34.6,34.75,35.1,34.5,7.74,0.87
2019-07-08,34.3,34.45,34.7,34.2,0.25,0.58
2019-07-05,34.4,34.25,34.6,33.8,1.03,-0.44
2019-07-04,33.1,34.4,34.5,33,1.07,3.93
2019-07-03,33.35,33.1,33.95,32.65,0.98,0.46
2019-07-02,32.05,32.95,33.1,32.05,4.2,3.62
2019-07-01,30.75,31.8,31.95,30.75,0.71,4.61
2019-06-28,30.05,30.4,30.45,30,0.75,1
2019-06-27,30,30.1,30.25,29.9,3.32,0.33
2019-06-26,29.6,30,30.45,29.6,1.72,4.9
2019-06-25,28.9,28.6,29.05,28.4,0.08,-1.04
2019-06-24,28.2,28.9,28.9,28.1,0.43,2.48
2019-06-21,28.4,28.2,28.5,28.2,0.07,-0.18
2019-06-19,28.65,28.25,28.75,28.25,0.18,-1.91
2019-06-18,28.85,28.8,29,28.8,0.13,-0.69
2019-06-17,29,29,29.35,28.75,1.54,-1.36
2019-06-14,29.5,29.4,29.5,29.1,0.05,-0.34
2019-06-13,29.4,29.5,29.5,29,0.03,0.34
2019-06-12,29.85,29.4,29.85,28.4,0.32,-1.67
2019-06-11,29.85,29.9,30.2,29.5,0.19,0.34
2019-06-10,29.95,29.8,29.95,29.45,0.05,0
2019-06-07,29.85,29.8,29.85,29.35,0.07,0.34
2019-06-06,29.8,29.7,30,29.3,0.12,0.17
2019-06-05,29.95,29.65,29.95,29.3,0.04,-1
2019-06-04,30.4,29.95,30.4,29.3,0.05,-0.83
2019-06-03,30.6,30.2,30.6,29.7,0.17,-1.31
2019-05-31,29.2,30.6,30.6,28.3,0.32,4.79
2019-05-30,28,29.2,29.25,28,0.18,3.91
2019-05-29,29.25,28.1,29.6,27.05,0.93,-5.07
2019-05-28,29.35,29.6,29.7,29.05,0.12,0.68
2019-05-27,29.4,29.4,29.9,29.05,0.08,0
2019-05-24,29.5,29.4,29.5,29.1,0.09,-0.17
2019-05-23,29.7,29.45,29.7,29.25,0.08,-0.84
2019-05-22,29.8,29.7,29.8,29.05,0.24,-0.34
2019-05-21,29.6,29.8,29.8,29.6,0.13,0.34
2019-05-20,29.75,29.7,30,29,0.15,-1
2019-05-17,30.35,30,30.35,29.8,0.43,-1.32
2019-05-16,30.5,30.4,30.5,30.05,0.19,-0.33
2019-05-15,30.5,30.5,30.5,30.35,0.65,0
2019-05-14,30.7,30.5,31,30.35,0.49,0
2019-05-13,30.7,30.5,30.75,30.4,0.21,-0.16
2019-05-10,30.4,30.55,30.95,30.4,0.55,1.5
2019-05-09,30.2,30.1,30.4,29.9,0.65,-0.5
2019-05-08,29.75,30.25,30.3,29.75,0.22,2.02
2019-05-07,30,29.65,30.55,29.4,0.2,-1.17
2019-05-06,30.9,30,30.9,29.9,0.33,-2.91
2019-05-02,31,30.9,31,30.6,0.09,-0.32
2019-04-30,30.7,31,31,30.2,1.16,0.98
2019-04-29,29.8,30.7,30.8,29.55,0.26,3.02
2019-04-26,29.6,29.8,29.9,29.25,0.12,1.02
2019-04-25,29.2,29.5,29.75,29.2,0.1,0.34
2019-04-24,29.1,29.4,29.4,29,0.09,1.03
2019-04-23,28.8,29.1,29.25,28.8,0.07,1.04
2019-04-22,28.8,28.8,28.8,28.8,0,0
2019-04-19,28.8,28.8,28.8,28.8,0,0
2019-04-18,29,28.8,29.5,28.8,0.27,-0.86
2019-04-17,29.5,29.05,29.65,29.05,0.07,-2.19
2019-04-16,29.3,29.7,29.9,29.3,0.85,1.71
2019-04-15,29.55,29.2,30,29.2,0.13,-0.51
2019-04-12,29.4,29.35,30,29.35,0.13,0.17
2019-04-11,29.8,29.3,29.8,28.85,0.31,-2.01
2019-04-10,30.35,29.9,30.65,28.75,0.44,-2.29
2019-04-09,31.15,30.6,31.15,30.6,0.1,-1.29
2019-04-08,30.8,31,31.1,30.5,0.26,1.64
2019-04-05,30,30.5,31.5,30,1.74,1.67
2019-04-04,30.1,30,30.8,29.8,0.65,0
2019-04-03,30.8,30,30.8,29.5,0.91,-1.15
2019-04-02,28.8,30.35,31.5,28.8,3.49,10.56
2019-04-01,27.6,27.45,27.65,27.2,0.08,-0.36
2019-03-29,27.25,27.55,27.55,26.9,0.25,0.92
2019-03-28,27,27.3,27.3,26.8,0.06,0.92
2019-03-27,27.6,27.05,27.6,26.9,0.05,-1.99
2019-03-26,27.7,27.6,27.75,27.2,0.23,-0.36
2019-03-25,26.55,27.7,27.95,26.4,0.27,5.12
2019-03-22,26.55,26.35,27,26.2,0.11,-2.41
2019-03-21,27.1,27,27.1,26.8,0.07,0
2019-03-20,27.2,27,27.2,26.8,0.16,0.56
2019-03-19,27.4,26.85,27.4,26.8,0.17,0.19
2019-03-18,26.8,26.8,27.15,26.7,0.11,-1.29
2019-03-15,26,27.15,27.15,26,0.8,4.42
2019-03-14,26.1,26,26.2,25.9,0.39,0
2019-03-13,26.2,26,26.2,25.7,0.14,0
2019-03-12,25.95,26,26,25.7,0.53,0.78
2019-03-11,27,25.8,27.1,25.45,0.64,-4.09
2019-03-08,26.5,26.9,26.9,26.5,0.08,0.94
2019-03-07,27.2,26.65,27.3,26.55,0.07,-0.56
2019-03-06,26.5,26.8,26.8,26.4,0.05,1.9
2019-03-05,26.5,26.3,26.5,26.2,1.38,0
2019-03-04,26.35,26.3,26.55,25.6,0.22,-1.5
2019-03-01,26.75,26.7,26.75,26.1,0.05,1.33
2019-02-28,26,26.35,26.8,26,0.43,2.13
2019-02-27,27.5,25.8,27.5,25.7,0.94,-6.18
2019-02-26,28.2,27.5,28.2,26.3,0.41,-2.83
2019-02-25,28.6,28.3,29,28.2,0.31,-1.05
2019-02-22,28.6,28.6,29,28.6,0.08,-1.04
2019-02-21,29,28.9,29.4,28.55,0.31,-0.34
2019-02-20,29.35,29,29.75,28.85,0.77,0
2019-02-19,28.7,29,29.4,27.6,0.64,1.05
2019-02-18,28.6,28.7,29.7,28.6,2.03,0.53
2019-02-15,27.8,28.55,28.75,27.5,0.58,3.82
2019-02-14,28,27.5,28,27.5,0.41,0
2019-02-13,27.1,27.5,28.45,27.1,1.94,1.29
2019-02-12,26.8,27.15,27.25,26.8,0.64,0.18
2019-02-11,27.35,27.1,27.4,26.9,0.11,-0.73
2019-02-08,27,27.3,27.3,26.5,0.28,0
2019-02-07,27.5,27.3,27.6,26.8,0.92,-0.36
2019-02-06,27.55,27.4,27.55,27,0.12,0
2019-02-05,27.5,27.4,27.6,26.7,0.87,-0.36
2019-02-04,27.85,27.5,27.95,27.1,0.21,-0.72
2019-02-01,27.7,27.7,27.7,27.25,0.54,-0.54
2019-01-31,27.15,27.85,28.05,26.8,0.54,2.77
2019-01-30,26,27.1,27.15,26,0.37,2.65
2019-01-29,26.95,26.4,26.95,26.4,0.16,-1.68
2019-01-28,26.95,26.85,27,26.7,0.22,0.19
2019-01-25,26.35,26.8,26.8,26.35,1.69,1.52
2019-01-24,26.7,26.4,26.7,26.3,0.83,-0.94
2019-01-23,26.2,26.65,26.7,25.8,0.62,2.11
2019-01-22,26.2,26.1,26.2,25.7,0.25,-0.38
2019-01-21,26.6,26.2,26.6,25.75,0.46,-1.13
2019-01-18,26.9,26.5,26.9,26,0.2,-0.38
2019-01-17,26.7,26.6,27,26.4,0.32,0.38
2019-01-16,25.85,26.5,26.5,25.6,1.89,5.16
2019-01-15,26,25.2,26.5,24.95,0.6,-2.14
2019-01-14,24.65,25.75,25.8,24.6,0.69,5.97
2019-01-11,24,24.3,24.7,24,0.22,1.25
2019-01-10,24.2,24,24.2,24,0.07,0
2019-01-09,24.05,24,24.25,24,0.24,0
2019-01-08,23.45,24,24.2,23.4,0.28,2.13
2019-01-07,23.5,23.5,23.55,23.35,0.26,0.43
2019-01-04,23.45,23.4,23.85,23.25,0.22,-0.21
2019-01-03,24.9,23.45,24.9,23.25,0.65,-5.44
2019-01-02,25.1,24.8,25.1,24,1.2,-2.17
2018-12-31,25.35,25.35,25.35,25.35,0,0
2018-12-28,24.9,25.35,25.7,24.9,0.64,0
2018-12-27,24.8,25.35,25.4,24.3,0.46,4.32
2018-12-24,24.3,24.3,24.3,24.3,0,0
2018-12-21,25.25,24.3,25.25,23.85,0.85,-0.82
2018-12-20,23.9,24.5,24.9,23.9,0.56,2.51
2018-12-19,23.9,23.9,24.4,23.7,0.74,-0.21
2018-12-18,24.8,23.95,24.9,23.9,0.34,-3.82
2018-12-17,25.65,24.9,25.85,24.6,0.27,-4.23
2018-12-14,26.1,26,26.15,25.65,0.05,-0.38
2018-12-13,26.2,26.1,26.2,25.8,0.07,0.77
2018-12-12,25.9,25.9,26.7,25.8,0.24,-0.19
2018-12-11,26.4,25.95,26.4,25.95,0.11,-1.7
2018-12-10,26.9,26.4,26.95,26.2,0.15,-1.49
2018-12-07,26.8,26.8,27,26.6,0.53,-0.37
2018-12-06,27.5,26.9,27.5,26.8,0.1,-2.18
2018-12-05,27.65,27.5,28.1,27.25,1.28,0
2018-12-04,28,27.5,28.1,27.4,3.05,0
2018-12-03,26.8,27.5,28.1,26.8,0.42,2.61
2018-11-30,26.5,26.8,26.8,26.5,0.82,-0.37
2018-11-29,26.9,26.9,27,26.55,0.24,1.32
2018-11-28,27.4,26.55,27.6,26.55,2.95,-4.15
2018-11-27,27,27.7,27.95,26.55,0.38,0
2018-11-26,27.8,27.7,27.8,27,0.16,1.09
2018-11-23,26.7,27.4,27.4,25.55,0.48,1.11
2018-11-22,27.2,27.1,27.4,27.1,0.07,-0.37
2018-11-21,27.5,27.2,27.65,27.2,0.13,-0.73
2018-11-20,26.6,27.4,27.4,26.6,0.16,3.79
2018-11-19,28.5,26.4,28.5,26.4,11.79,-8.97
2018-11-16,29.9,29,29.9,28.5,2.32,-2.36
2018-11-15,29.5,29.7,29.8,29.5,0.24,0.68
2018-11-14,29.4,29.5,29.7,29,0.6,0.68
2018-11-13,28.9,29.3,29.35,28.9,0.16,1.74
2018-11-12,28.8,28.8,28.8,28.8,0,0
2018-11-09,27.8,28.8,28.95,27.6,1.39,3.41
2018-11-08,27.5,27.85,27.9,27.5,2.76,1.27
2018-11-07,27.35,27.5,27.5,27,0.53,1.1
2018-11-06,27.3,27.2,27.6,27,0.24,0.37
2018-11-05,26.8,27.1,27.65,26.8,4.9,2.07
2018-11-02,25.2,26.55,27.1,25.2,0.85,3.31
2018-10-31,24,25.7,25.7,24,0.89,7.08
2018-10-30,22.6,24,24,22.25,0.68,5.96
2018-10-29,22.1,22.65,22.65,22,0.47,2.95
2018-10-25,21.3,22,22.2,21,2.86,-0.45
2018-10-24,21.45,22.1,22.45,21.45,0.95,2.31
2018-10-23,22,21.6,22,21,0.48,-1.82
2018-10-22,22.95,22,22.95,21.5,1.08,-3.3
2018-10-19,22.95,22.75,23.3,22.75,1.63,-0.87
2018-10-18,23.1,22.95,23.25,22.9,2,-0.65
2018-10-17,23.2,23.1,23.65,23.1,0.25,-0.43
2018-10-16,23.25,23.2,23.5,22.95,0.52,-0.22
2018-10-15,24.15,23.25,24.15,23.1,0.18,-3.13
2018-10-12,23.3,24,24,23.1,0.62,4.35
2018-10-11,23.5,23,24.15,23,0.39,-5.15
2018-10-10,25.4,24.25,25.4,23.8,0.56,-1.82
2018-10-09,25,24.7,25.85,24.7,0.68,-2.37
2018-10-08,25.15,25.3,26.2,25.15,0.73,-2.69
2018-10-05,26,26,26.35,24.8,0.29,0
2018-10-04,25.3,26,26.55,24.5,0.68,3.17
2018-10-03,23.8,25.2,25.2,23.6,0.44,6.33
2018-10-02,23.75,23.7,23.8,23.2,0.8,0
2018-10-01,24.5,23.7,24.5,23.7,0.29,-1.04
2018-09-28,24.35,23.95,24.45,22.8,0.72,-1.24
2018-09-27,24.4,24.25,24.4,24,0.54,-0.41
2018-09-26,24.6,24.35,24.8,24.35,0.09,-1.62
2018-09-25,25,24.75,25,24.5,0.07,0.2
2018-09-24,24.8,24.7,25.05,24.6,0.4,-0.4
2018-09-21,25.05,24.8,25.2,24.75,0.38,-0.8
2018-09-20,24.5,25,25.25,24.5,0.23,3.95
2018-09-19,24.5,24.05,24.5,23.7,0.28,-1.84
2018-09-18,24.7,24.5,25,24,0.11,2.94
2018-09-17,23.5,23.8,24.7,22.65,5.66,0
2018-09-14,25,23.8,25,23.5,0.52,-2.86
2018-09-13,24.95,24.5,25.35,24.2,0.22,-0.2
2018-09-12,24.6,24.55,24.95,24.4,1.06,-0.2
2018-09-11,25.1,24.6,26.45,24.6,0.29,-4.65
2018-09-10,25,25.8,25.8,24.45,0.25,4.03
2018-09-07,25.2,24.8,26.1,24.8,3.5,-1.59
2018-09-06,25.9,25.2,27.05,24.1,2.18,-3.82
2018-09-05,28.9,26.2,28.9,26.2,0.75,-9.66
2018-09-04,29.95,29,29.95,28.7,0.96,-4.13
2018-09-03,31.45,30.25,31.45,29.5,0.4,-8.33
2018-08-31,31.75,33,33,31,8.2,4.27
2018-08-30,30.75,31.65,32,30.75,0.24,3.26
2018-08-29,32.05,30.65,33,30.55,1.81,-2.7
2018-08-28,30.6,31.5,31.8,30.6,0.7,3.62
2018-08-27,30.95,30.4,32.05,30.4,3.8,1.33
2018-08-24,29.95,30,30,29.75,0.66,0.33
2018-08-23,29.55,29.9,29.9,29.5,0.19,1.18
2018-08-22,29.35,29.55,29.9,29.3,2.51,-1.17
2018-08-21,29.9,29.9,30,28.6,5.06,1.18
2018-08-20,30,29.55,30,28.95,0.29,-1.5
2018-08-17,29.75,30,30.5,29.75,1.44,0.67
2018-08-16,28.4,29.8,29.8,28.35,2.04,3.83
2018-08-14,28.7,28.7,29,28.1,0.6,-0.52
2018-08-13,29.4,28.85,29.4,28.05,0.41,-3.67
2018-08-10,30,29.95,30.2,29.15,0.46,-0.17
2018-08-09,30.2,30,30.3,29,1.89,0
2018-08-08,29.6,30,30,29.4,0.76,1.35
2018-08-07,30.8,29.6,30.8,28.6,3.12,-3.9
2018-08-06,32.5,30.8,32.5,30.4,1.14,-3.75
2018-08-03,32.1,32,32.1,31.8,0.09,0
2018-08-02,32,32,32.55,31.95,0.95,0
2018-08-01,32.1,32,32.3,31.3,1.29,0
2018-07-31,34.4,32,34.4,31.45,3.56,-6.16
2018-07-30,34.2,34.1,34.2,33.6,0.2,-0.58
2018-07-27,35,34.3,35,33.25,0.61,-1.72
2018-07-26,34.95,34.9,34.95,34.65,0.53,0.29
2018-07-25,35.25,34.8,35.25,34.8,0.51,-1.14
2018-07-24,34.7,35.2,35.25,34.7,0.9,-0.56
2018-07-23,35.5,35.4,35.5,34.65,1.18,0.28
2018-07-20,35.5,35.3,35.5,34.65,1.37,-0.28
2018-07-19,34.45,35.4,35.5,34.45,1.67,2.76
2018-07-18,34.4,34.45,34.45,33.85,0.55,0.44
2018-07-17,33.45,34.3,34.3,33,1.23,2.54
2018-07-16,33.25,33.45,34,32.25,0.7,0.6
2018-07-13,32.35,33.25,33.5,31.95,1.24,2.62
2018-07-12,32,32.4,32.4,31.7,0.7,1.25
2018-07-11,31.4,32,32.4,31.3,0.97,-1.23
2018-07-10,31,32.4,32.4,30.3,2.44,3.85
2018-07-09,31.1,31.2,31.75,30.85,0.8,-1.89
2018-07-06,31.5,31.8,31.8,29.05,4.81,1.44
2018-07-05,32.2,31.35,33,31.3,0.52,-2.94
2018-07-04,32.65,32.3,32.65,30.75,3.5,-1.37
2018-07-03,33.6,32.75,33.95,32.4,1.76,-2.24
2018-07-02,33.45,33.5,34.5,32.9,0.64,2.45
2018-06-29,33,32.7,33,32.65,0.76,-1.36
2018-06-28,33.5,33.15,33.5,32.8,0.38,-1.04
2018-06-27,33.4,33.5,33.7,32.25,3.02,0.45
2018-06-26,33,33.35,33.4,32.45,2.19,1.06
2018-06-25,33,33,33.6,32.6,1.62,-1.2
2018-06-22,34.45,33.4,34.45,32.9,1.65,-1.76
2018-06-21,35.7,34,35.8,33.5,0.8,-2.86
2018-06-20,33.3,35,35.7,33.3,5.11,5.11
2018-06-19,33,33.3,34.5,31.2,2.83,0
2018-06-18,35,33.3,36.1,33.3,0.49,-4.86
2018-06-15,34.1,35,35,34,0.86,2.64
2018-06-14,35.5,34.1,35.5,33.6,1.24,-4.21
2018-06-13,36.8,35.6,36.8,35.4,0.97,-3
2018-06-12,36.6,36.7,36.85,36.2,0.14,-0.27
2018-06-11,37,36.8,37.2,36.7,0.53,-0.81
2018-06-08,36.8,37.1,37.2,36.8,0.11,0.27
2018-06-07,37.2,37,37.2,36.95,0.76,-0.27
2018-06-06,36.55,37.1,37.2,36.3,0.74,1.78
2018-06-05,36.2,36.45,37.25,36.05,0.31,-3.57
2018-06-01,38.7,37.8,38.75,37.1,0.62,-5.26
2018-05-30,40,39.9,40,39.05,0.34,-0.25
2018-05-29,40.15,40,40.65,39.6,0.24,-0.12
2018-05-28,40,40.05,40.05,39.9,0.15,0.38
2018-05-25,39.6,39.9,40,39.6,0.84,1.01
2018-05-24,39.9,39.5,39.9,39.5,0.43,-0.13
2018-05-23,40.4,39.55,40.5,39.5,0.39,-1.37
2018-05-22,39.55,40.1,40.7,39.55,0.58,1.39
2018-05-21,39.25,39.55,39.9,39.2,2.32,-0.75
2018-05-18,40,39.85,40,38.9,0.36,0.13
2018-05-17,40.05,39.8,40.4,39.1,0.41,-0.62
2018-05-16,38.7,40.05,40.35,38.7,0.57,4.3
2018-05-15,38,38.4,38.4,37.5,1.1,1.05
2018-05-14,38.5,38,39,37.8,1.23,-1.04
2018-05-11,38.75,38.4,38.75,38.1,0.69,1.05
2018-05-10,37.95,38,38.8,37.6,0.85,0
2018-05-09,38.75,38,40,37.6,0.72,-1.43
2018-05-08,39.15,38.55,39.85,37.65,1.05,-1.15
2018-05-07,39.55,39,40,38.7,0.84,-0.38
2018-05-04,40.9,39.15,40.9,39.15,2.66,-4.51
2018-05-02,44.35,41,44.35,40.5,0.92,-7.87
2018-04-30,42.5,44.5,44.5,42,1.07,4.71
2018-04-27,42,42.5,42.7,41.7,5.95,2.16
2018-04-26,42.05,41.6,42.3,41.6,0.63,-1.07
2018-04-25,42,42.05,42.4,41.5,1.32,1.33
2018-04-24,41.25,41.5,41.5,41.2,0.29,0.48
2018-04-23,41.3,41.3,41.45,41.2,0.13,0
2018-04-20,42,41.3,42.3,40.2,4.52,0
2018-04-19,40.1,41.3,41.3,40,1.4,2.86
2018-04-18,39.85,40.15,40.15,39.85,4.31,0
2018-04-17,39.85,40.15,40.2,39.1,1.47,0.63
2018-04-16,39.2,39.9,39.9,38.4,0.29,1.66
2018-04-13,39.2,39.25,39.3,38.7,0.37,-0.38
2018-04-12,39.4,39.4,39.5,39,0.62,0
2018-04-11,39.5,39.4,39.5,38.35,0.59,-0.25
2018-04-10,38.5,39.5,39.65,38.5,0.24,3.13
2018-04-09,38.4,38.3,38.4,38.1,0.41,0.52
2018-04-06,37.5,38.1,38.35,37.5,2.49,1.6
2018-04-05,36.65,37.5,37.9,36.05,0.77,2.32
2018-04-04,35.7,36.65,36.95,35.6,0.44,2.37
2018-04-03,35.9,35.8,36.3,35.35,0.71,-3.24
2018-03-29,37.3,37,37.5,36,1.6,-1.99
2018-03-28,38,37.75,38,37.55,0.41,-1.18
2018-03-27,38,38.2,38.9,38,0.27,0.26
2018-03-26,38.6,38.1,38.6,38,0.06,-1.3
2018-03-23,38,38.6,38.9,38,1.29,0.39
2018-03-22,39,38.45,39,38,0.16,-1.66
2018-03-21,39,39.1,39.3,38.75,0.09,0.26
2018-03-20,38.7,39,39.45,38.5,0.4,1.04
2018-03-19,39.5,38.6,40.4,38.6,0.73,-2.15
2018-03-16,38.3,39.45,39.45,37.7,0.72,3.82
2018-03-15,38.15,38,38.15,37.8,0.19,-0.13
2018-03-14,38.15,38.05,38.2,37.85,0.17,-0.26
2018-03-13,38.4,38.15,38.4,38.05,0.07,0.13
2018-03-12,38.5,38.1,38.5,37.8,0.13,-0.65
2018-03-09,38.2,38.35,38.4,37.8,0.69,0.66
2018-03-08,37.55,38.1,38.4,37.55,0.19,1.46
2018-03-07,38.55,37.55,38.55,37,0.54,-2.47
2018-03-06,38.7,38.5,38.7,38.3,0.3,0.65
2018-03-05,38,38.25,38.75,38,0.19,-0.65
2018-03-02,39,38.5,40.2,38,0.83,-2.53
2018-03-01,39.15,39.5,39.95,39.15,0.46,0.89
2018-02-28,39.85,39.15,39.85,38.3,0.82,-1.88
2018-02-27,41.15,39.9,41.65,39.9,0.63,-2.56
2018-02-26,41.35,40.95,41.35,40.5,0.13,0.37
2018-02-23,41.5,40.8,41.5,40.25,0.76,-2.74
2018-02-22,42,41.95,42.4,41.55,0.94,-1.06
2018-02-21,42.4,42.4,42.4,41.5,0.26,1.07
2018-02-20,42.2,41.95,42.2,41.3,0.11,0
2018-02-19,41.85,41.95,42.35,41.05,0.32,-0.71
2018-02-16,42.15,42.25,42.9,42.15,0.55,-0.71
2018-02-15,42.55,42.55,43,42,0.43,0.95
2018-02-14,41.4,42.15,42.75,41.4,0.45,2.55
2018-02-13,40.9,41.1,41.35,40.5,0.23,1.48
2018-02-12,39.9,40.5,41.3,39.9,0.3,2.79
2018-02-09,40,39.4,40,39.2,0.96,-2.6
2018-02-08,41.5,40.45,41.9,40.2,0.24,-1.1
2018-02-07,40,40.9,41.75,40,0.76,2.89
2018-02-06,39.1,39.75,40.85,38.85,2.53,-5.58
2018-02-05,42.25,42.1,42.5,41.5,1.09,-1.29
2018-02-02,42.85,42.65,43,42.5,0.7,0.35
2018-02-01,43.15,42.5,43.55,42.3,0.74,-1.16
2018-01-31,43,43,43.55,43,0.45,0.47
2018-01-30,43.85,42.8,43.85,42.5,0.35,-1.27
2018-01-29,43.5,43.35,43.5,43.05,0.3,1.76
2018-01-26,42.8,42.6,43.2,42.35,1.44,-1.39
2018-01-25,44,43.2,44,42.8,2.85,-3.14
2018-01-24,47,44.6,47,43.95,2.85,-5.11
2018-01-23,47.45,47,48.65,45.2,3.59,-0.11
2018-01-22,45.9,47.05,47.55,45.8,3.11,4.09
2018-01-19,44,45.2,45.4,43.9,1.96,3.2
2018-01-18,43.5,43.8,44,43.2,1.8,2.1
2018-01-17,43,42.9,44,42.7,2.29,0.94
2018-01-16,43.4,42.5,43.4,41.9,2.69,0.24
2018-01-15,40,42.4,42.45,39.95,1.99,7.07
2018-01-12,40.4,39.6,40.45,39.55,0.18,-1
2018-01-11,40.5,40,40.55,39.55,0.37,-1.36
2018-01-10,41.2,40.55,41.55,40.45,0.3,-2.05
2018-01-09,41.9,41.4,41.9,41.3,0.31,-1.43
2018-01-08,42.7,42,43.2,41.8,0.73,-0.47
2018-01-05,42.1,42.2,42.7,42,0.61,0.48
2018-01-04,42.75,42,42.75,41.8,1.07,-1.41
2018-01-03,41.1,42.6,43.6,40.55,0.91,6.77
2017-12-29,39.89,39.9,39.9,39.46,0.7,1.53
2017-12-28,39.39,39.3,39.9,39,0.58,0.77
2017-12-27,39.43,39,39.43,39,0.77,-1.09
2017-12-22,39.49,39.43,39.49,39,0.54,-0.05
2017-12-21,39.09,39.45,39.45,39,1.25,0.9
2017-12-20,39.4,39.1,39.53,38.98,0.64,-0.71
2017-12-19,39.4,39.38,39.4,38.41,1.64,-0.18
2017-12-18,38.43,39.45,39.5,37.5,1,2.52
2017-12-15,37.9,38.48,38.53,37.61,0.36,-0.54
2017-12-14,39.51,38.69,39.51,37.98,1.23,-1.95
2017-12-13,39.03,39.46,40,39.03,0.17,1.1
2017-12-12,39.2,39.03,39.48,38.87,0.58,-1.04
2017-12-11,39.03,39.44,39.52,39.03,0.25,-0.9
2017-12-08,39.01,39.8,39.99,38.48,0.39,1.87
2017-12-07,39.5,39.07,39.5,39,0.27,-1.06
2017-12-06,41.17,39.49,41.17,39.1,0.38,-3.87
2017-12-05,41.4,41.08,41.5,40.8,0.9,-0.77
2017-12-04,41.5,41.4,42,41,3.58,2.99
2017-12-01,40.24,40.2,40.75,39.52,0.38,0.5
2017-11-30,41.5,40,42.53,40,3.11,-1.72
2017-11-29,39.36,40.7,42.02,39,1.38,3.22
2017-11-28,39.6,39.43,39.66,38.79,0.31,-0.66
2017-11-27,39.54,39.69,39.9,37.43,1.78,0.76
2017-11-24,40,39.39,40,39.2,1.36,-1.52
2017-11-23,40.79,40,40.79,39.65,0.16,-1.23
2017-11-22,40.9,40.5,40.9,39,0.94,1.25
2017-11-21,40.1,40,40.48,39.76,2.67,-0.25
2017-11-20,39.99,40.1,40.35,39.02,3.79,1.96
2017-11-17,38.37,39.33,39.5,38.37,2.05,3.58
2017-11-16,36.9,37.97,38.38,36.58,4.84,4.03
2017-11-15,34.45,36.5,36.6,33.75,3.36,7.35
2017-11-14,34,34,34.01,33.5,1.28,-2.75
2017-11-13,36.87,34.96,36.87,33.21,1.73,-4.19
2017-11-10,35.41,36.49,36.77,34.88,3.69,4.71
2017-11-09,34.09,34.85,35.35,30.73,4.8,5.61
2017-11-08,40.48,33,41.05,32.8,29.75,-20.14
2017-11-07,42.86,41.32,42.86,41.3,1.23,-2.55
2017-11-06,44.95,42.4,44.99,41.2,6.45,-5.76
2017-11-03,45.79,44.99,45.79,44.9,0.51,-0.27
2017-11-02,46,45.11,46.91,44.5,4.61,-6.51
2017-10-31,47.95,48.25,48.25,47.5,2.02,0.73
2017-10-30,47.3,47.9,47.97,47.03,0.58,1.27
2017-10-27,46.6,47.3,47.4,46,1.62,2.83
2017-10-26,44.99,46,46.5,44.9,2.75,3.49
2017-10-25,44.55,44.45,45.6,44.41,0.57,-1.09
2017-10-24,46,44.94,46,44.7,0.85,-1.98
2017-10-23,46.5,45.85,46.5,45.5,0.78,-1.46
2017-10-20,45,46.53,46.53,44.45,2.64,3.4
2017-10-19,45.02,45,45.41,45,0.2,0
2017-10-18,45.6,45,45.6,45,0.41,-1.32
2017-10-17,46.17,45.6,46.17,45.6,0.42,-0.18
2017-10-16,46.39,45.68,46.39,45.6,0.76,-0.15
2017-10-13,46,45.75,46.02,45.65,0.81,-0.54
2017-10-12,46.38,46,46.5,45.75,0.98,-1.01
2017-10-11,46.5,46.47,46.5,46.1,0.36,0.06
2017-10-10,46.61,46.44,46.67,46.1,0.34,-0.13
2017-10-09,47,46.5,47,45.99,0.48,-1.06
2017-10-06,46.78,47,47.3,45.65,2.14,1.1
2017-10-05,44.45,46.49,46.49,44.45,0.64,4.47
2017-10-04,46.2,44.5,46.2,44.42,2.08,-3.26
2017-10-03,46.75,46,46.96,45.75,1.45,-1.71
2017-10-02,48.6,46.8,48.78,46.65,1.12,-1.68
2017-09-29,47.11,47.6,48.17,47.11,1.86,0.66
2017-09-28,47.55,47.29,47.68,47.02,0.67,-0.23
2017-09-27,47.95,47.4,48,46.51,0.39,-1.25
2017-09-26,48,48,48.15,47.55,0.17,-1.03
2017-09-25,48.96,48.5,48.96,48.09,0.17,0.08
2017-09-22,48.25,48.46,48.49,48.2,0.44,-0.08
2017-09-21,48.1,48.5,48.5,47.13,2.92,0.73
2017-09-20,48.5,48.15,48.5,48,0.22,-0.72
2017-09-19,48.49,48.5,48.5,48.2,0.34,0.62
2017-09-18,48.5,48.2,48.5,48,3.38,-0.1
2017-09-15,48.55,48.25,48.55,48,1.64,0.31
2017-09-14,48,48.1,49.4,47.55,6.29,1.39
2017-09-13,47,47.44,48.5,45.75,10.26,-6.21
2017-09-12,50.25,50.58,50.58,50.13,1.33,0.36
2017-09-11,50.9,50.4,50.9,49.9,0.59,0.22
2017-09-08,50.65,50.29,50.65,49.9,0.25,-0.73
2017-09-07,49.7,50.66,50.66,49.16,2.61,2.14
2017-09-06,50.2,49.6,50.2,49.15,1.11,-1.2
2017-09-05,50.79,50.2,50.79,50,0.91,-0.16
2017-09-04,51.46,50.28,51.46,49.55,2.15,-2.16
2017-09-01,51.37,51.39,51.67,51.1,2.86,0.98
2017-08-31,48.6,50.89,50.89,48.5,2.36,3.96
2017-08-30,49.9,48.95,50.49,48.9,1.98,-2.08
2017-08-29,51.8,49.99,51.8,48.84,5.92,-3.87
2017-08-28,53,52,53,51.72,0.72,-1.89
2017-08-25,52.99,53,53.52,51.6,3.28,-2.75
2017-08-24,53.51,54.5,55,53.51,0.71,1.87
2017-08-23,54.9,53.5,54.9,53.1,0.8,-1.83
2017-08-22,55,54.5,55.46,54.5,0.92,-0.46
2017-08-21,54.36,54.75,55.9,54.3,1.23,2.28
2017-08-18,52.2,53.53,54.8,52.2,1.25,2.12
2017-08-17,53.75,52.42,54.43,52.25,2.58,-2.02
2017-08-16,52.46,53.5,53.5,52.46,2.46,2.29
2017-08-14,50.7,52.3,52.4,50.6,0.71,2.95
2017-08-11,51.11,50.8,51.3,50.6,0.38,-1.17
2017-08-10,51.68,51.4,51.68,50.5,0.59,-0.08
2017-08-09,51.9,51.44,51.94,51.4,0.36,-0.96
2017-08-08,52,51.94,52,51.4,0.51,-0.1
2017-08-07,52.4,51.99,52.4,51.7,0.62,0.33
2017-08-04,51.51,51.82,52.59,51.5,1.17,0.62
2017-08-03,51,51.5,51.86,50,6.84,0.61
2017-08-02,52.98,51.19,52.98,50,14.28,-4.51
2017-08-01,54.2,53.61,54.6,53.61,0.4,-0.72
2017-07-31,54.8,54,54.8,53.3,1.16,-0.59
2017-07-28,54.78,54.32,54.78,54.25,0.44,-0.31
2017-07-27,54.95,54.49,55.15,54.4,0.83,-0.75
2017-07-26,54.9,54.9,55,54.7,1.94,0.37
2017-07-25,54.95,54.7,54.97,54.5,0.99,-0.31
2017-07-24,55.3,54.87,55.3,54.85,0.5,0.13
2017-07-21,55,54.8,55.3,54.75,1.54,1.31
2017-07-20,55.89,54.09,55.89,53.98,2.91,-2.19
2017-07-19,55.91,55.3,55.91,54.77,3.73,-1.06
2017-07-18,56.7,55.89,56.7,54.48,12.51,-1.38
2017-07-17,56.53,56.67,56.72,56.33,0.44,0.26
2017-07-14,56.71,56.53,56.82,56.3,0.26,0.02
2017-07-13,57.06,56.52,57.23,56.35,0.65,-0.02
2017-07-12,57.21,56.53,57.21,56.33,0.23,-0.82
2017-07-11,57.01,56.99,57.01,56.39,0.34,0.14
2017-07-10,57,56.92,57.01,56.38,0.48,0.88
2017-07-07,56.32,56.42,56.51,56.04,0.18,0.33
2017-07-06,55.65,56.23,56.33,55.65,0.81,1.05
2017-07-05,56.92,55.65,57.31,54.48,1.4,-1.38
2017-07-04,56.97,56.43,57.5,56.04,2.57,-1.03
2017-07-03,57.5,57.01,57.5,56.04,1.05,-0.85
2017-06-30,55.71,57.5,57.5,55.45,1.39,2.97
2017-06-29,56.09,55.84,56.09,55.16,2.1,0.53
2017-06-28,56.69,55.55,56.69,55.55,0.33,-2.06
2017-06-27,55.55,56.72,57.4,55.55,2.32,2.28
2017-06-26,56.01,55.45,56.72,55.06,0.79,-0.35
2017-06-23,55.99,55.65,55.99,54.38,0.61,-0.52
2017-06-22,55.54,55.94,56.03,55.16,0.32,0.61
2017-06-21,55.48,55.6,55.6,54.33,1.55,0.21
2017-06-20,55.89,55.48,56.04,54.97,0.29,-0.47
2017-06-19,57.01,55.75,57.01,55.45,1.08,-1.89
2017-06-16,56.48,56.82,56.82,56.04,1.25,0.6
2017-06-14,55.35,56.48,56.48,55.35,2.03,2.29
2017-06-13,54.09,55.21,55.21,53.91,6.66,2.07
2017-06-12,55.45,54.09,55.45,53.92,0.73,-2.29
2017-06-09,53.41,55.36,55.36,53.03,7.67,3.65
2017-06-08,52.77,53.41,53.41,52.63,9.88,2.85
2017-06-07,53.38,51.93,53.38,51.21,0.93,-1.06
2017-06-06,53.87,52.48,53.87,52.41,0.26,-1.37
2017-06-05,54.04,53.21,54.04,52.3,0.5,-1.53
2017-06-02,54.08,54.04,55.16,53.8,0.53,0.09
2017-06-01,54.01,53.99,54.01,53.49,0.22,-0.13
2017-05-31,53.16,54.06,54.06,53.12,0.53,0
2017-05-30,54.08,54.06,54.08,53.17,2.39,-0.02
2017-05-29,53.04,54.07,54.07,53.04,0.46,1.43
2017-05-26,53.37,53.31,53.4,52.97,1.14,-0.55
2017-05-25,53.41,53.6,53.9,53.1,0.87,0.73
2017-05-24,52.91,53.21,53.21,52.24,3.71,0.37
2017-05-23,53.17,53.02,53.6,52.14,0.6,0.26
2017-05-22,51.66,52.88,53.01,51.66,2.78,2.57
2017-05-19,51.62,51.56,52.36,51.17,0.4,0.28
2017-05-18,51.7,51.41,51.95,50.73,0.56,-0.85
2017-05-17,52.67,51.85,52.67,51.85,1.03,-1.55
2017-05-16,53.79,52.67,53.79,52.63,1.39,-2.08
2017-05-15,52.63,53.79,53.79,52.16,0.62,2.2
2017-05-12,53.01,52.63,53.01,51.66,0.78,0
2017-05-11,52.14,52.63,53.01,51.99,3.76,0.93
2017-05-10,52.03,52.14,52.51,51.95,0.73,0.19
2017-05-09,53.21,52.04,53.59,51.64,3.93,-2.38
2017-05-08,53.78,53.31,53.78,52.93,0.14,-0.36
2017-05-05,54,53.51,54,52.82,0.35,-0.18
2017-05-04,54.87,53.6,54.92,53.55,1.8,-2.4
2017-05-02,54.6,54.92,55.36,54.6,1.04,1.08
2017-04-28,54.57,54.33,54.58,53.6,0.54,0
2017-04-27,53.6,54.33,54.33,53.13,1.46,1.4
2017-04-26,54.96,53.58,54.96,51.99,5.05,-1.82
2017-04-25,55.31,54.58,55.55,54.19,0.67,-1.23
2017-04-24,53.56,55.26,55.26,53.36,1.12,3.41
2017-04-21,53.12,53.44,53.56,52.82,0.48,0.64
2017-04-20,53.16,53.1,53.51,52.53,0.88,-0.04
2017-04-19,52.65,53.12,53.12,52.63,0.43,0.89
2017-04-18,52.62,52.65,53.06,52.62,0.17,0.06
2017-04-13,53.12,52.62,53.16,52.35,0.5,-1.12
2017-04-12,53.41,53.21,53.7,53.21,0.21,0
2017-04-11,53.9,53.21,54.19,53.12,0.89,-1.27
2017-04-10,55.06,53.9,55.3,53.9,0.47,-2.12
2017-04-07,55.36,55.06,55.36,54.6,1.42,-0.26
2017-04-06,55.36,55.21,55.36,54.39,0.32,-0.26
2017-04-05,55.55,55.36,55.55,53.9,0.71,-0.33
2017-04-04,54.67,55.54,55.54,54.14,1.85,1.77
2017-04-03,52.38,54.58,54.92,52.38,8.07,4.67
2017-03-31,51.69,52.14,52.14,51.07,0.48,0.87
2017-03-30,51.26,51.69,51.69,50.68,0.39,0.26
2017-03-29,51.75,51.56,51.75,50.92,0.49,-0.36
2017-03-28,50.97,51.74,52.14,50.68,0.53,1.61
2017-03-27,51.64,50.92,51.64,50.68,0.23,-1.42
2017-03-24,52.63,51.65,52.63,51.17,0.37,-1.27
2017-03-23,51,52.32,52.41,51,0.67,2.07
2017-03-22,51.85,51.25,51.85,50.68,0.92,-1.33
2017-03-21,52.14,51.95,52.52,51.85,1.04,-0.45
2017-03-20,53.11,52.18,53.11,51.85,0.45,-1.74
2017-03-17,53.12,53.11,53.6,52.55,0.37,-0.02
2017-03-16,53.6,53.12,53.6,52.53,0.76,-0.91
2017-03-15,53.61,53.6,53.8,53.12,5.47,0
2017-03-14,54.09,53.6,54.14,53.12,1.44,-0.83
2017-03-13,53.12,54.05,54.09,52.82,3.49,2.53
2017-03-10,50.68,52.72,55.06,50.53,7.44,7
2017-03-09,48.34,49.27,50.29,48.34,9.22,4.66
2017-03-08,48.59,47.07,49.07,46.28,3.18,-2.99
2017-03-07,49.31,48.53,49.41,47.86,2,-2.26
2017-03-06,50.19,49.65,50.19,47.8,1.46,-1.09
2017-03-03,50.29,50.19,50.39,49.7,0.47,0
2017-03-02,49.75,50.19,51.06,49.75,1.03,0.98
2017-03-01,50.09,49.7,50.29,49.7,0.76,-0.1
2017-02-28,50.19,49.75,50.47,49.7,0.7,-0.87
2017-02-27,49.85,50.19,50.68,49.85,1.05,0.68
2017-02-24,50.63,49.85,50.97,49.22,0.73,-1.06
2017-02-23,51.17,50.39,51.17,49.9,0.96,-1.09
2017-02-22,50.39,50.94,51.17,50.19,0.74,1.4
2017-02-21,49.51,50.24,50.27,49.41,0.84,1.48
2017-02-20,49.61,49.51,49.61,49.36,1.33,0.59
2017-02-17,50.19,49.22,50.39,49.22,1.15,-0.53
2017-02-16,49.22,49.48,49.83,49.22,0.43,0.53
2017-02-15,49.2,49.22,49.7,48.73,4.81,1.61
2017-02-14,48.24,48.44,49.7,47.66,6.89,-6.56
2017-02-13,52.63,51.84,53.46,51.42,2.34,1.51
2017-02-10,51.36,51.07,51.36,50.19,0.49,-0.57
2017-02-09,51.09,51.36,52.03,50.69,0.59,0.48
2017-02-08,50.78,51.12,51.12,50.68,0.45,0.67
2017-02-07,50.68,50.78,51.09,50.3,0.39,0.39
2017-02-06,50.28,50.58,50.58,50,0.49,1.29
2017-02-03,49.22,49.94,50.34,49.12,0.36,1.97
2017-02-02,50.44,48.97,50.44,47.85,4.4,-3.83
2017-02-01,51.17,50.92,51.17,50.19,0.47,-0.48
2017-01-31,51.7,51.17,51.7,49.67,1.61,-0.94
2017-01-30,51.95,51.65,51.95,51.36,0.24,-0.56
2017-01-27,51.75,51.95,52.14,51.75,0.57,0
2017-01-26,51.85,51.95,52.14,51.47,1.2,0.95
2017-01-25,51.65,51.46,51.85,51.26,1.01,0.57
2017-01-24,51.64,51.17,51.64,50.78,2.13,1.08
2017-01-23,51.75,50.62,52.48,50.44,2.2,-0.13
2017-01-20,47.27,50.69,51.26,47.27,51.12,7.41
2017-01-19,47.76,47.19,47.76,46.68,0.39,-1.18
2017-01-18,48.24,47.76,48.44,46.88,0.29,-0.87
2017-01-17,48,48.17,49.02,47.76,0.97,1.29
2017-01-16,45.81,47.56,48.19,45.81,1.15,4.34
2017-01-13,46.39,45.58,46.79,44.98,2.15,-1.74
2017-01-12,46.83,46.39,47.45,46,1.84,-0.73
2017-01-11,48.91,46.73,48.91,46.12,1.5,-3.21
2017-01-10,49.46,48.28,49.46,48.24,0.44,0.06
2017-01-09,49.27,48.25,49.66,48.22,0.81,-2.52
2017-01-05,49.66,49.5,49.7,49.22,1.42,-0.2
2017-01-04,49.7,49.6,49.7,49.41,1.03,-0.22
2017-01-03,49.66,49.7,49.7,49.41,0.62,0.59
2017-01-02,48.23,49.41,49.66,48.23,0.58,2.01
2016-12-30,48.18,48.44,48.67,47.76,0.98,0.53
2016-12-29,47.76,48.18,48.57,47.57,0.21,1.21
2016-12-28,48.3,47.61,48.61,47.41,0.32,-1.41
2016-12-27,47.37,48.29,48.62,47.37,0.16,0.79
2016-12-23,48.24,47.91,48.24,47.36,0.05,0.53
2016-12-22,48.21,47.66,48.21,47.27,0.12,-0.91
2016-12-21,48.05,48.1,48.23,47.76,0.2,-0.3
2016-12-20,48.24,48.24,48.72,47.95,0.44,0.61
2016-12-19,49.21,47.95,49.21,47.85,0.53,-2.55
2016-12-16,49.07,49.21,49.47,48.85,0.38,0.74
2016-12-15,48.36,48.85,49.4,48.35,1.63,1.56
2016-12-14,49.26,48.1,49.48,47.85,0.92,-2.47
2016-12-13,50.09,49.31,50.09,48.58,0.6,-0.69
2016-12-12,50.31,49.66,50.31,48.73,0.41,-0.2
2016-12-09,48.71,49.75,50.63,48.24,22.7,2.3
2016-12-08,48.15,48.63,48.72,47.56,0.47,1.01
2016-12-07,48.34,48.14,48.92,47.85,0.22,0.41
2016-12-06,48.08,47.95,48.08,47.46,0.29,0.02
2016-12-05,48.11,47.94,48.11,46.39,3.36,0
2016-12-02,48.23,47.94,48.73,47.22,0.9,-1.42
2016-12-01,49.11,48.63,49.11,48.44,0.41,0.2
2016-11-30,49.31,48.53,49.7,48.53,0.98,-1.58
2016-11-29,49.02,49.31,49.7,48.14,2.15,1.2
2016-11-28,49.22,48.73,49.22,48.26,0.34,-0.2
2016-11-25,48,48.83,49.02,48,2.24,2.14
2016-11-24,46.47,47.8,47.81,46.39,1.45,3.2
2016-11-23,45.56,46.32,46.32,44.98,0.54,2.22
2016-11-22,45.08,45.32,45.32,44.64,0.34,2.88
2016-11-21,43.47,44.05,44.81,43.47,1.25,1.32
2016-11-18,44.35,43.48,45.12,43.48,1.19,-1.93
2016-11-17,45.46,44.33,45.46,44.05,0.65,-1.11
2016-11-16,45.64,44.83,45.64,44.83,0.5,-1.69
2016-11-15,45.12,45.6,45.65,44.98,0.3,1.5
2016-11-14,44.93,44.93,45.67,44.34,2.69,0.44
2016-11-10,43.86,44.73,45.71,43.86,0.79,3.15
2016-11-09,43.88,43.37,44.83,42.98,0.53,-2.84
2016-11-08,45.7,44.64,45.7,44.34,0.13,-1.7
2016-11-07,44.93,45.41,45.76,44.84,0.08,1.26
2016-11-04,46.49,44.84,46.49,44.83,1.08,-1.22
2016-11-03,44.39,45.4,45.71,44.2,0.68,2.15
2016-11-02,46.29,44.44,46.54,44.35,0.29,-2.75
2016-10-31,46.28,45.7,46.28,44.35,0.35,-0.49
2016-10-28,46.63,45.92,46.78,45.76,1.12,-0.17
2016-10-27,47.03,46,47.03,45.91,1.21,-1.87
2016-10-26,46.68,46.88,46.92,45.88,0.15,0.21
2016-10-25,46.97,46.78,47.27,46.7,0.57,-0.35
2016-10-24,46.93,46.95,46.97,46.34,0.22,0.04
2016-10-21,46.21,46.93,46.98,45.81,0.39,1.58
2016-10-20,46.71,46.2,46.74,46.2,0.01,-1
2016-10-19,45.61,46.66,46.67,45.61,0.15,2.31
2016-10-18,45.12,45.61,46.09,44.73,0.15,1.08
2016-10-17,43.88,45.12,45.12,43.88,0.17,0.65
2016-10-14,44.3,44.83,45.08,44.3,0.23,-0.43
2016-10-13,44.2,45.03,45.08,44.2,0.17,1.87
2016-10-12,45.32,44.2,45.32,42.89,0.89,-2.47
2016-10-11,46.21,45.32,46.21,45.32,0.16,-0.85
2016-10-10,45.33,45.71,46,45.33,0.07,-0.93
2016-10-07,45.9,46.14,46.14,45.49,0.25,0.25
2016-10-06,46.1,46.02,46.29,45.81,0.1,-0.63
2016-10-05,47.19,46.31,47.27,46.05,0.08,-1.61
2016-10-04,48.73,47.07,48.73,46.59,0.87,-3.4
2016-10-03,48.63,48.73,48.73,47.8,0.43,0
2016-09-30,46.57,48.73,48.73,45.9,0.4,4.84
2016-09-29,46.57,46.48,46.57,45.9,0.15,-0.19
2016-09-28,44.93,46.57,47.25,44.93,0.42,2.62
2016-09-27,47.27,45.38,47.27,44.26,0.66,-3.02
2016-09-26,47.55,46.79,47.55,46.78,0.27,-1.62
2016-09-23,48.34,47.56,48.34,47.47,0.07,-1.59
2016-09-22,48.73,48.33,48.73,47.61,0.24,-0.72
2016-09-21,48,48.68,49.02,47.51,0.19,1.42
2016-09-20,48.62,48,48.62,47.85,0.05,-1.48
2016-09-19,49.61,48.72,49.61,48,0.12,-1.88
2016-09-16,47.94,49.66,49.66,47.37,0.62,3.58
2016-09-15,48.39,47.94,48.39,47.37,0.2,-0.02
2016-09-14,47.27,47.95,48.1,47.27,0.33,1.44
2016-09-13,46.39,47.27,47.27,46.39,0.49,1.87
2016-09-12,46.78,46.4,46.88,46.29,0.53,-0.92
2016-09-09,47.44,46.83,47.85,46.83,0.18,-0.83
2016-09-08,48.44,47.22,48.44,46.78,0.29,-2.67
2016-09-07,49.17,48.52,49.17,48.24,0.11,0.28
2016-09-06,48.73,48.38,49.17,48.37,0.78,-0.6
2016-09-05,48.72,48.67,48.73,48.25,7.36,-0.06
2016-09-02,48.09,48.7,48.73,47.76,0.59,1.98
2016-09-01,48.23,47.76,48.23,47.3,0.16,0.16
2016-08-31,47.76,47.68,48.68,46.05,0.48,-0.16
2016-08-30,48.63,47.76,48.68,47.61,0.22,-1.03
2016-08-29,49.16,48.25,49.22,47.92,0.21,-1.55
2016-08-26,48.72,49.01,49.51,48.71,0.11,0.58
2016-08-25,49.7,48.73,50.09,47.61,0.7,-2.06
2016-08-24,50.2,49.75,50.68,49.7,0.28,-0.85
2016-08-23,48.14,50.18,50.18,48.13,0.29,4.23
2016-08-22,48.19,48.14,48.43,47.56,0.16,1.02
2016-08-19,48.05,47.66,48.24,47.38,0.08,-0.2
2016-08-18,47.66,47.76,47.85,47.27,0.1,0.51
2016-08-17,47.85,47.51,47.85,47.17,0.24,0.1
2016-08-16,47.95,47.46,48.24,47.37,0.18,0.41
2016-08-12,47.99,47.27,48,46.91,0.54,-1.1
2016-08-11,48.44,47.79,48.44,47.79,0.11,-1.23
2016-08-10,48.62,48.39,48.62,47.76,0.37,0.12
2016-08-09,47.44,48.33,48.33,47.44,0.95,2.37
2016-08-08,46.78,47.21,47.27,46.24,0.28,1.15
2016-08-05,46.29,46.67,46.88,46.21,0.39,0.93
2016-08-04,46.78,46.24,47.07,46.15,0.29,-1.15
2016-08-03,45.81,46.78,46.98,45.33,0.29,2.56
2016-08-02,46.76,45.61,47.52,44.83,1.01,-2.46
2016-08-01,46.29,46.76,47.61,46.2,0.61,1.87
2016-07-29,45.76,45.9,46.04,45.5,0.22,0.43
2016-07-28,46.19,45.71,46.19,45.41,0.16,-0.82
2016-07-27,46.05,46.09,46.09,45.7,0.11,0.85
2016-07-26,46.47,45.7,46.47,45.46,0.63,0.93
2016-07-25,44.77,45.28,45.72,44.77,0.81,2.24
2016-07-22,44.05,44.29,44.95,44.02,2.87,1.09
2016-07-21,43.8,43.81,43.81,43.48,0.38,1.1
2016-07-20,43.34,43.34,43.34,43.13,0.18,0.66
2016-07-19,43.34,43.05,43.53,43.02,0.38,0
2016-07-18,42.81,43.05,43.27,42.72,0.43,0.65
2016-07-15,42.96,42.77,43.03,42.57,0.13,-0.2
2016-07-14,43.05,42.86,43.19,42.72,0.13,0.11
2016-07-13,42.94,42.81,43.36,41.93,0.33,-0.55
2016-07-12,42.12,43.05,43.24,42.04,0.36,0.62
2016-07-11,42.23,42.78,42.86,41.43,0.41,2.49
2016-07-08,41.81,41.75,42.38,41.75,0.21,-0.14
2016-07-07,41.8,41.8,42.66,41.73,0.44,0
2016-07-06,42.17,41.8,43.14,41.8,0.54,0.34
2016-07-05,45.15,41.66,45.15,41.21,1.57,-5.94
2016-07-04,44.77,44.29,45.67,43.87,0.36,-2.11
2016-07-01,44.67,45.24,45.43,44.58,0.31,1.15
2016-06-30,43.81,44.73,44.77,43.81,0.74,3.44
2016-06-29,42.19,43.24,43.34,41.91,4.29,6.82
2016-06-28,38.86,40.48,41.38,38.86,0.77,3.66
2016-06-27,39.96,39.05,40.89,38.96,0.37,-2.15
2016-06-24,40,39.91,40.96,38.65,2.23,-4.99
2016-06-23,41.44,42,42.33,41.44,0.08,1.38
2016-06-22,41.9,41.43,42.33,41.43,0.14,-1.11
2016-06-21,42.33,41.9,42.33,41.29,0.21,-0.92
2016-06-20,39.9,42.29,42.32,39.53,1.53,5.99
2016-06-17,38.57,39.9,39.9,38.57,0.07,3.43
2016-06-16,39.53,38.57,39.53,38.57,0.09,-2.88
2016-06-15,39.81,39.72,39.89,39.72,0.06,0.48
2016-06-14,39.54,39.53,40.77,39.53,0.06,-0.02
2016-06-13,40.28,39.54,41.34,39.53,0.26,-2.33
2016-06-10,40.84,40.48,40.86,39.53,0.16,0.97
2016-06-09,40.49,40.09,40.96,40.08,0.04,-1.01
2016-06-08,41.03,40.5,41.03,40.5,0.02,-1.32
2016-06-07,41.38,41.04,41.38,40.48,0.21,-0.35
2016-06-06,41.43,41.18,41.43,40.86,4.25,1.62
2016-06-03,39.04,40.53,41.34,39.04,0.85,3.81
2016-06-02,37.29,39.04,39.04,37.29,0.19,1.56
2016-06-01,39.05,38.44,39.47,37.18,0.35,-1.32
2016-05-31,38.23,38.96,39.24,38.23,0.42,1.26
2016-05-30,38.57,38.47,38.72,38.11,0.09,-0.52
2016-05-27,38.25,38.67,38.67,38.1,0.08,1.1
2016-05-25,38.16,38.25,38.25,37.81,0.09,0.4
2016-05-24,37.81,38.1,38.16,37.81,0.1,0.83
2016-05-23,38.25,37.78,38.25,36.81,0.07,-1.22
2016-05-20,37.39,38.25,38.25,37.39,0.02,2.19
2016-05-19,38.28,37.43,38.28,37.43,0.04,-2.24
2016-05-18,38.29,38.29,38.38,37.62,0.24,-0.22
2016-05-17,37.26,38.37,38.38,37.15,1.21,4.38
2016-05-16,36,36.76,36.89,36,0.2,2.66
2016-05-13,37.29,35.81,37.29,35.48,1,-5.41
2016-05-12,38.38,37.86,38.38,37.81,0.09,-1.34
2016-05-11,38.13,38.37,38.38,38,0.05,1.23
2016-05-10,38.36,37.91,38.38,37.69,0.15,-1.14
2016-05-09,38.38,38.35,38.38,38.1,0.06,-0.1
2016-05-06,38.38,38.38,38.38,37.45,0.25,0.65
2016-05-05,39.07,38.14,39.52,38.14,0.09,-3.49
2016-05-04,39.53,39.52,39.78,39.07,0.13,-0.02
2016-05-02,39.53,39.53,39.8,39.05,0.03,-0.46
2016-04-29,38.57,39.71,39.71,38.3,0.07,2.46
2016-04-28,39.79,38.76,39.79,38.19,0.07,-1.93
2016-04-27,39.72,39.52,39.81,39.52,0.03,-0.72
2016-04-26,39.53,39.8,39.91,39.36,0.76,0.82
2016-04-25,38.84,39.48,39.8,38,0.22,2.09
2016-04-22,37.96,38.67,38.67,37.96,0.15,2.01
2016-04-21,38.29,37.91,38.29,37.76,0.05,-0.5
2016-04-20,38.38,38.1,38.38,37.76,0.05,-0.25
2016-04-19,37.38,38.19,38.47,37.38,0.18,1.19
2016-04-18,38.47,37.75,38.47,37.27,0.16,-1.78
2016-04-15,38.56,38.43,38.56,37.62,0.2,-0.35
2016-04-14,39.42,38.56,39.42,38.1,0.18,-0.98
2016-04-13,40,38.95,40,38.66,1.05,-2.39
2016-04-12,38.1,39.9,39.9,38.1,0.72,5.25
2016-04-11,36.62,37.91,40.21,36.62,1.72,3.65
2016-04-08,36.19,36.57,36.76,36.19,0.37,1.08
2016-04-07,36.34,36.18,36.52,36.1,0.07,0
2016-04-06,35.67,36.18,36.19,35.66,0.18,2.4
2016-04-05,35.73,35.34,36.56,35.24,0.27,-1.07
2016-04-04,35.38,35.72,36.4,35.24,1.25,4.02
2016-04-01,34.86,34.34,34.86,34.19,0.2,-1.5
2016-03-31,35.38,34.86,35.38,34.51,0.74,0
2016-03-30,35.15,34.86,35.15,34.57,0.09,-0.95
2016-03-29,35.53,35.19,35.72,34.48,0.1,0.14
2016-03-24,34.48,35.15,35.24,34.19,0.22,1.91
2016-03-23,35.06,34.49,35.24,34.48,0.08,-1.6
2016-03-22,35.15,35.05,35.24,34.86,0.22,-0.27
2016-03-21,36.57,35.15,37.51,34.19,0.89,-2.89
2016-03-18,35.82,36.19,36.76,35.82,2.67,1.5
2016-03-17,34.35,35.66,35.72,34.35,1.01,3.71
2016-03-16,34.04,34.38,34.38,33.43,0.19,2.3
2016-03-15,34.19,33.61,34.19,33.46,0.38,-1.67
2016-03-14,34.56,34.18,34.56,34.04,0.23,0.42
2016-03-11,34.29,34.04,34.56,33.65,0.19,-0.03
2016-03-10,33.91,34.05,34.1,33.81,0.28,0.17
2016-03-09,34.62,33.99,34.64,33.9,0.82,-0.03
2016-03-08,34.65,34,34.65,33.89,2.7,-0.14
2016-03-07,33.97,34.05,34.53,33.87,0.35,0.85
2016-03-04,34.96,33.76,34.96,33.74,1.61,-1.25
2016-03-03,33.64,34.19,35,33.64,0.81,2.19
2016-03-02,34.36,33.46,35.81,33.46,2.22,-0.06
2016-03-01,34.54,33.48,34.54,33.45,0.1,-0.87
2016-02-29,33.54,33.77,34.57,33.54,0.7,0.74
2016-02-26,33.24,33.53,34,32.99,0.15,0.57
2016-02-25,34.09,33.34,34.09,32.91,0.15,0.14
2016-02-24,34.24,33.29,34.24,33,0.22,-2.51
2016-02-23,34.66,34.15,34.66,33.81,0.13,1.96
2016-02-22,34.28,33.49,35.04,33.34,0.32,-2.31
2016-02-19,34.29,34.28,34.31,33.55,0.14,-0.19
2016-02-18,34.93,34.35,34.93,34.35,0.07,-1.21
2016-02-17,35.15,34.76,35.15,34.29,0.45,-1.3
2016-02-16,34.36,35.22,35.22,33.34,1.3,2.49
2016-02-15,34.28,34.36,34.86,33.81,0.14,2.5
2016-02-12,34.27,33.53,34.27,33.53,0.16,1.03
2016-02-11,34.1,33.18,34.1,32.53,0.07,-0.17
2016-02-10,33.33,33.24,33.52,32.86,0.3,1.45
2016-02-09,35.04,32.76,35.04,32.72,0.78,-6.52
2016-02-08,36.42,35.05,36.42,35.05,0.08,-3.79
2016-02-05,36.43,36.43,37.01,35.72,0.3,0
2016-02-04,36.2,36.43,36.56,35.76,0.19,0.66
2016-02-03,37.05,36.19,37.05,35.76,0.08,-0.78
2016-02-02,36.48,36.48,36.48,36.34,0.93,-1.39
2016-02-01,36.66,36.99,37.03,36.22,0.06,1.81
2016-01-29,35.81,36.34,36.56,35.81,0.12,2.28
2016-01-28,35.24,35.53,35.96,35.05,0.05,0.81
2016-01-27,34.96,35.24,36.05,34.96,0.12,0
2016-01-26,35.74,35.24,36.62,34.87,0.1,-3.17
2016-01-25,35.91,36.39,36.39,35.55,0.16,2.44
2016-01-22,35.24,35.53,36.1,35.05,0.63,1.28
2016-01-21,35.91,35.08,35.91,34.4,0.14,-1.13
2016-01-20,36.99,35.48,36.99,34.29,0.62,-4.22
2016-01-19,36.57,37.04,37.15,36.48,1.62,1.67
2016-01-18,36.42,36.43,37.05,36.29,0.86,-1.8
2016-01-15,37.28,37.1,37.28,36.91,0.62,-0.49
2016-01-14,36.67,37.28,37.34,36.43,0.84,2.43
2016-01-13,38.05,36.39,38.05,36.39,0.14,-3.27
2016-01-12,37.7,37.62,37.91,37.15,0.06,-0.2
2016-01-11,37.91,37.7,38.1,37.41,0.1,0.74
2016-01-08,37.14,37.42,37.52,36.2,0.19,1
2016-01-07,36.17,37.05,37.05,35.62,0.19,-0.61
2016-01-05,36.19,37.28,37.33,36.17,0.14,3
2016-01-04,36.19,36.19,36.45,35.24,0.99,-2.56
2015-12-30,37.16,37.15,37.62,36.05,0.49,-0.89
2015-12-29,37.15,37.48,38,37.15,0.96,-0.38
2015-12-28,37.61,37.62,37.62,36.49,0.16,1.28
2015-12-23,36.57,37.15,37.15,36.38,0.1,2.63
2015-12-22,36,36.19,36.19,34.57,1.16,1.31
2015-12-21,35.72,35.73,36.1,35.64,0.85,1.38
2015-12-18,35.96,35.24,36.78,34.67,0.12,-2.06
2015-12-17,35.24,35.98,36.38,35.24,0.21,4.08
2015-12-16,33.57,34.57,34.95,33.57,0.43,3.68
2015-12-15,34.29,33.35,35.14,32.48,0.43,-2.75
2015-12-14,36.19,34.29,36.67,34.05,0.53,-5.26
2015-12-11,38.11,36.19,38.38,36.19,0.21,-5
2015-12-10,38.29,38.1,38.31,37.95,0.51,0.98
2015-12-09,37.43,37.73,38.36,36.96,1.29,1.05
2015-12-08,37.05,37.34,37.9,37.05,1.08,1.03
2015-12-07,36.86,36.96,37.87,36.86,0.13,1.04
2015-12-04,37.15,36.57,37.62,36.2,0.2,-2.04
2015-12-03,38.86,37.34,38.92,37.15,1.83,-2.73
2015-12-02,38,38.38,39.03,37.91,4.51,1.31
2015-12-01,37.24,37.89,37.9,37.24,0.06,1.22
2015-11-30,37.99,37.43,37.99,37.43,0.16,-0.38
2015-11-27,37.91,37.57,37.91,37.15,0.11,-0.88
2015-11-26,37.89,37.91,38,37.17,0.1,0.05
2015-11-25,37.15,37.89,38,37.15,0.27,3.16
2015-11-24,37.91,36.73,38.08,36.29,0.19,-1.36
2015-11-23,37.91,37.23,37.91,36.86,0.22,-0.79
2015-11-20,37.05,37.53,37.81,36.19,0.67,1.81
2015-11-19,36.09,36.86,36.89,35.97,0.61,2.93
2015-11-18,35.76,35.81,35.81,35.67,0.08,0.53
2015-11-17,35.13,35.62,35.62,34.76,0.07,1.41
2015-11-16,34.86,35.13,35.14,33.91,0.14,0.77
2015-11-13,36.09,34.86,36.09,34.86,0.09,-3.53
2015-11-12,36.09,36.14,36.14,35.72,0.08,0.37
2015-11-10,35.72,36,36.14,35.15,0.24,1.34
2015-11-09,35.67,35.53,36.08,35.45,0.74,0.24
2015-11-06,34.96,35.44,35.72,34.3,0.3,1.39
2015-11-05,35.05,34.96,35.09,34.3,0.07,-0.27
2015-11-04,35.1,35.05,35.1,34.76,0.2,0.03
2015-11-03,33.37,35.04,35.19,33.37,0.58,5.72
2015-11-02,33.24,33.15,33.24,32.73,0.07,1.16
2015-10-30,32.43,32.76,33.32,32.43,0.24,0.44
2015-10-29,33.34,32.62,33.34,32.62,0.22,-2.14
2015-10-28,34.26,33.34,34.26,32.88,0.2,-2.51
2015-10-27,34.26,34.19,34.29,33.91,0.15,-0.14
2015-10-26,33.32,34.24,34.29,32.87,0.12,2.71
2015-10-23,32.81,33.34,33.34,32.81,0.04,0.29
2015-10-22,33.91,33.24,33.91,32.78,0.12,-1.97
2015-10-21,33.74,33.91,34.29,33.74,0.19,-0.56
2015-10-20,34.1,34.1,34.15,33.81,0.02,0.28
2015-10-19,34.48,34,34.57,33.81,0.09,-0.28
2015-10-16,34.11,34.1,34.76,34.1,0.1,-0.03
2015-10-15,33.81,34.11,34.11,33.34,0.07,2.75
2015-10-14,32.91,33.19,33.81,32.12,0.44,1.01
2015-10-13,34.19,32.86,34.19,31.95,3.75,-4.17
2015-10-12,34.96,34.29,34.96,33.81,0.09,-1.93
2015-10-09,34.74,34.96,35.05,34.1,4.57,1.97
2015-10-08,33.84,34.29,35.18,33.81,0.17,1.38
2015-10-07,33.34,33.82,34.29,32.86,1.16,1.75
2015-10-06,32.53,33.24,33.29,32.37,0.47,2.08
2015-10-05,30.28,32.56,32.56,30.28,6.47,10.47
2015-10-02,29.91,29.48,30,29.48,0.03,0.32
2015-10-01,29.98,29.38,30,29.29,0.04,-1.75
2015-09-30,29.98,29.91,29.99,28.76,0.01,1.36
2015-09-29,28.58,29.51,29.52,28.38,0.02,2.31
2015-09-28,30,28.84,30,28.68,0.09,-3.72
2015-09-25,29.53,29.95,29.95,29.03,0.03,1.45
2015-09-24,29.53,29.53,29.53,29.05,0.01,0
2015-09-23,30.19,29.53,30.19,28.86,0.05,-2.21
2015-09-22,30.1,30.19,30.2,29.27,0.06,0.35
2015-09-21,29.81,30.09,30.09,29.81,0.07,2.23
2015-09-18,29.43,29.43,29.46,29.43,0.01,0
2015-09-17,29.98,29.43,29.98,29.43,0.05,-1.59
2015-09-16,29.99,29.91,29.99,29.72,0.02,-0.29
2015-09-15,30,29.99,30,29.1,0.05,-0.03
2015-09-14,30,30,30.05,29.57,0.03,0
2015-09-11,30,30,30,29.05,1.6,1.48
2015-09-10,29.78,29.56,29.99,29.56,1.44,0.91
2015-09-09,29.99,29.3,29.99,29,0.02,1.02
2015-09-08,30.05,29,30.05,28.78,0.08,-3.49
2015-09-07,28.76,30.05,30.05,28.76,0.02,0.48
2015-09-04,30.48,29.91,30.48,29.06,0.13,-0.32
2015-09-03,30.15,30,30.46,29.53,0.02,0.74
2015-09-02,29.24,29.78,30.48,28.86,0.29,2.69
2015-09-01,29.24,29,29.24,28.13,0.05,-0.33
2015-08-31,29.53,29.1,29.53,28.19,0.02,-1.23
2015-08-28,29.47,29.46,29.48,28.3,0.04,-0.03
2015-08-27,28.19,29.47,29.48,28.19,0.02,4.88
2015-08-26,29.01,28.1,29.01,27.62,0.06,-1.67
2015-08-25,26.76,28.57,28.95,26.76,0.06,6.76
2015-08-24,28.57,26.76,28.57,25.72,0.39,-10.79
2015-08-21,31.29,30,31.29,29.91,0.04,-4.26
2015-08-20,31.43,31.34,31.43,31.1,0.05,0.3
2015-08-19,30.46,31.24,31.43,30.33,0.32,2.53
2015-08-18,29.91,30.47,30.47,29.62,0.5,1.98
2015-08-17,29.39,29.88,30,29.05,0.24,2.18
2015-08-14,29.38,29.24,29.38,29,0.04,-0.45
2015-08-13,29.38,29.37,29.38,29.05,0.03,0.78
2015-08-12,29.24,29.15,29.24,28.98,0.01,-0.29
2015-08-11,28.86,29.23,29.23,28.32,0.39,4.07
2015-08-10,27.72,28.09,28.09,27.62,0.02,1.69
2015-08-07,27.62,27.62,27.62,27.34,0.31,0.17
2015-08-06,28.55,27.57,28.57,27.43,0.02,-1.86
2015-08-05,26.19,28.1,28.1,26.19,0.02,0
2015-08-04,28.09,28.1,28.1,27.62,0.26,0.37
2015-08-03,27.96,27.99,27.99,27.62,0.04,0.1
2015-07-31,27.62,27.96,27.96,27.62,0.02,0.55
2015-07-30,27.62,27.81,27.81,27.62,0.02,0.69
2015-07-29,27.72,27.62,27.72,27.62,0.01,-0.03
2015-07-28,27.11,27.63,28,26.73,0.03,0.76
2015-07-27,27.65,27.42,27.65,27,0.03,0.89
2015-07-24,27.01,27.18,27.18,27.01,0,0.65
2015-07-23,27.88,27,27.88,26.97,0.01,-1.29
2015-07-22,28.42,27.36,28.42,26.63,0.19,-0.91
2015-07-21,28.12,27.61,28.12,27.19,0.1,-1
2015-07-20,28.12,27.89,28.12,27.61,0.04,-0.66
2015-07-17,28.81,28.07,28.83,28.07,0.03,-1.95
2015-07-16,27.88,28.63,28.63,27.61,0.12,3.49
2015-07-15,27.88,27.66,28.34,27.66,0.24,0.88
2015-07-14,27.62,27.42,27.62,27.42,0,-1.34
2015-07-13,27.89,27.79,28.16,27.51,0.08,1.7
2015-07-10,27.24,27.33,27.33,26.96,0.01,5.76
2015-07-09,25.56,25.84,26.03,25.56,0.01,0.36
2015-07-08,26.26,25.75,26.26,25.75,0.02,-3.15
2015-07-07,27.79,26.58,27.88,26.03,0.07,-1
2015-07-06,25.33,26.85,26.95,25.33,0.05,3.73
2015-07-03,26.03,25.89,26.03,25.56,0.06,0.91
2015-07-02,26.03,25.66,26.26,25.66,0.08,-1.43
2015-07-01,25.81,26.03,26.39,25.58,0.19,-0.99
2015-06-30,26.31,26.29,26.31,25.71,0.03,-0.25
2015-06-29,26.94,26.35,26.94,24.26,0.2,-4.09
2015-06-26,27.49,27.48,27.49,27.4,0.04,-0.94
2015-06-25,27.72,27.74,27.79,26.97,0.05,0.03
2015-06-24,27.19,27.73,27.73,26.77,0.06,-0.23
2015-06-23,27.61,27.79,27.79,26.71,0.11,-0.17
2015-06-22,28.44,27.84,28.44,25.86,0.49,-0.2
2015-06-19,29.21,27.9,29.21,27.9,0.08,-2.41
2015-06-18,29.09,28.58,29.09,28.35,0.05,-2.69
2015-06-17,29.33,29.37,29.37,29.32,0.02,0.96
2015-06-16,29.49,29.09,29.49,28.72,0.03,-1.39
2015-06-15,29,29.5,29.5,28.64,0.02,2.52
2015-06-12,29,28.78,29,28.66,0.03,-2.64
2015-06-11,29.37,29.56,29.74,29.09,0.08,1.11
2015-06-10,29.09,29.23,29.74,29.09,0.03,0.48
2015-06-09,30.02,29.09,30.05,28.82,0.12,-2.76
2015-06-08,29.11,29.92,30.07,29.09,0.03,1.67
2015-06-05,30.3,29.43,30.3,29.43,0.05,-3.03
2015-06-03,30.54,30.35,30.54,29.75,0.03,-0.46
2015-06-02,30.42,30.49,30.49,30.21,0.02,0.21
2015-06-01,30.48,30.42,30.48,29.74,0.03,-0.06
2015-05-29,30.4,30.44,30.44,30.3,0.09,0.46
2015-05-28,30.4,30.3,30.44,29.38,0.06,-0.46
2015-05-27,30.39,30.44,30.44,29.28,0.04,0.18
2015-05-26,29.74,30.39,30.67,29.57,0.57,2.16
2015-05-25,29.64,29.74,29.79,29.51,0.02,0.31
2015-05-22,29.51,29.65,29.84,29.51,0.07,-0.81
2015-05-21,30.1,29.89,30.1,29.42,0.01,-1.02
2015-05-20,30.44,30.2,30.44,28.82,0.6,-0.88
2015-05-19,29.28,30.47,30.47,28.54,0.71,9.63
2015-05-18,30.21,27.79,30.21,27.79,0.21,-8
2015-05-15,30.21,30.21,30.21,29.3,0.02,1.56
2015-05-14,30.67,29.74,30.67,29.47,0.04,-3.26
2015-05-13,30.02,30.75,30.77,28.83,0.39,0.85
2015-05-12,30.66,30.49,30.67,30.21,0.24,-0.03
2015-05-11,30.21,30.5,30.5,29.74,0.32,5.16
2015-05-08,28.49,29,29.23,28.44,0.03,2.67
2015-05-07,28.18,28.25,28.3,28.17,0.2,0.3
2015-05-06,28.49,28.16,28.49,27.94,0.11,-0.85
2015-05-05,28.35,28.41,28.72,28.16,0.29,1.09
2015-05-04,27.89,28.1,28.35,27.89,0.14,0.73
2015-04-30,28.73,27.9,28.73,27.9,0.05,-1.51
2015-04-29,28.81,28.32,28.81,27.89,0.2,-1.68
2015-04-28,28.96,28.81,28.96,28.07,0.02,-0.03
2015-04-27,29.05,28.82,29.05,28.02,0.16,0
2015-04-24,28.82,28.82,29.28,28.82,0.06,-0.64
2015-04-23,28.82,29,29.18,28.68,0.06,1.13
2015-04-22,28.52,28.68,28.77,28.38,0.03,0.98
2015-04-21,28.82,28.4,29.16,28.4,0.05,-1.45
2015-04-20,29.18,28.82,29.18,28.4,0.05,-1.27
2015-04-17,30.07,29.19,30.07,29.19,0.08,-1.29
2015-04-16,29.37,29.57,30.02,29.37,0.05,0.66
2015-04-15,28.3,29.37,29.37,27.89,0.11,3.67
2015-04-14,29.94,28.33,29.94,27.42,0.27,-5.63
2015-04-13,31.05,30.02,31.05,29.74,0.14,-3
2015-04-10,30.95,30.95,31.14,30.67,0.18,0.06
2015-04-09,31.79,30.93,31.79,30.86,0.15,-2.69
2015-04-08,32.08,31.79,32.08,31.15,0.1,-0.9
2015-04-07,32.28,32.08,32.91,32.08,0.11,-0.52
2015-04-02,32.19,32.25,32.44,32.07,0.18,2.03
2015-04-01,30.49,31.6,32.3,30.49,1.53,4.2
2015-03-31,30.77,30.33,30.77,30.26,0.53,-2.89
2015-03-30,31.88,31.23,32.89,31.23,0.42,-0.71
2015-03-27,32.07,31.46,32.53,31.33,0.41,-1.34
2015-03-26,31.98,31.88,32.06,31.56,0.05,1.03
2015-03-25,32.4,31.56,32.4,31.33,0.03,-3.96
2015-03-24,32.07,32.86,33,32.07,0.83,2.37
2015-03-23,31.98,32.1,32.42,31.51,0.09,-1.06
2015-03-20,32.3,32.44,32.44,31.6,0.06,0.43
2015-03-19,31.37,32.3,32.44,31.33,0.08,3.27
2015-03-18,31.35,31.28,31.46,31.28,0.01,-0.59
2015-03-17,31.61,31.46,31.7,31.46,0.02,-1.17
2015-03-16,32.05,31.84,32.44,31.71,0.05,0.74
2015-03-13,32.16,31.6,32.53,31.6,0.04,-1.73
2015-03-11,33,32.16,33,32.12,0.01,-2.54
2015-03-10,31.87,33,33.09,31.77,0.39,3.56
2015-03-09,30.99,31.86,31.86,29.86,0.38,3.53
2015-03-06,32.07,30.78,32.11,30.78,0.11,-5.24
2015-03-05,32.21,32.48,32.49,32.16,0.02,0.23
2015-03-04,31.76,32.4,32.51,31.6,0.09,1.34
2015-03-03,33,31.98,33,31.98,0.12,-3.88
2015-03-02,33.46,33.27,33.46,31.6,0.14,-0.5
2015-02-27,32.73,33.44,33.45,32.73,0.12,1.78
2015-02-26,33.23,32.85,33.23,31.7,0.02,0.97
2015-02-25,33.04,32.53,33.04,31.7,0.04,-2.78
2015-02-24,33.83,33.46,33.83,32.88,0.15,0
2015-02-23,32.44,33.46,34.21,32.44,0.22,4.35
2015-02-20,31.33,32.07,32.28,31.33,0.11,2.37
2015-02-19,30.56,31.33,31.33,30.33,0.08,3.28
2015-02-18,30.67,30.33,30.67,30.33,0.05,-1.09
2015-02-17,30.11,30.67,30.87,29.84,1.57,1.85
2015-02-16,30.1,30.11,30.67,30.07,2.15,0.09
2015-02-13,30.14,30.08,30.58,29.8,0.19,-1.79
2015-02-12,29.74,30.63,30.63,29.74,0.6,3.81
2015-02-11,29.86,29.5,29.86,29.33,0.02,-1.21
2015-02-10,30.4,29.87,30.67,29.47,0.26,-2.04
2015-02-09,32.01,30.49,32.01,30.49,0.41,-2.67
2015-02-06,31.13,31.33,31.33,31.05,0.05,0.6
2015-02-05,29.74,31.14,31.42,29.28,0.57,4.69
2015-02-04,29.74,29.74,29.74,28.54,0.89,0.03
2015-02-03,30.84,29.74,30.84,29.74,0.08,-3.06
2015-02-02,31.09,30.67,31.09,29.48,0.11,-0.6
2015-01-30,30.11,30.86,30.86,29.28,0.22,2.95
2015-01-29,31.6,29.98,32.16,29.03,1.08,-0.92
2015-01-28,30.91,30.26,32.44,29.09,0.28,-0.25
2015-01-27,27.13,30.33,30.33,26.65,1.42,15.38
2015-01-26,25.51,26.29,26.45,25.51,0.19,3.4
2015-01-23,25.55,25.42,25.55,25.42,0.01,0.89
2015-01-22,25.59,25.2,25.59,25.19,0.02,-1.06
2015-01-21,25.13,25.47,25.47,24.68,0.16,1.29
2015-01-20,25.14,25.14,25.33,25.14,0.08,0.19
2015-01-19,26.02,25.1,26.02,24.69,0.31,-3.54
2015-01-16,25.39,26.02,26.02,25.38,0,2.53
2015-01-15,25.39,25.38,25.39,25.38,0.01,-0.73
2015-01-14,25.29,25.56,25.93,25.28,0.01,-0.76
2015-01-13,25.9,25.76,25.9,25.72,0.01,-2.43
2015-01-12,25.74,26.4,26.85,25.47,0.56,3.27
2015-01-09,25.54,25.56,25.56,24.96,0.1,0
2015-01-08,26.02,25.56,26.02,25.1,0.2,-1.79
2015-01-07,25.47,26.03,26.04,25.47,0.03,0
2015-01-05,25.56,26.03,26.25,25.56,0.03,2.6
2015-01-02,26.02,25.37,26.46,25.19,0.02,-2.5
2014-12-30,26.03,26.02,26.03,24.71,0.87,-0.04
2014-12-29,27.35,26.03,27.35,26.03,0.21,-3.45
2014-12-23,26.4,26.96,27.41,26.4,0.04,-1.43
2014-12-22,27.56,27.35,27.56,26.34,0.01,1.45
2014-12-19,27.42,26.96,27.56,26.31,0.46,0
2014-12-18,26.58,26.96,26.96,26.4,0.58,1.75
2014-12-17,25.1,26.49,26.58,25.1,0.03,5.56
2014-12-16,25.66,25.1,25.66,25.1,0.13,-5.59
2014-12-15,26.21,26.58,26.96,26.04,0.02,-4.03
2014-12-12,25.1,27.7,27.7,23.84,0.31,14.53
2014-12-11,25.37,24.19,25.37,23.36,0.1,-5
2014-12-10,24.6,25.46,26,24.6,0.01,3.55
2014-12-09,26.49,24.59,26.54,24.59,0.16,-8.73
2014-12-08,28.3,26.94,28.82,26.4,0.25,-4.83
2014-12-05,26.32,28.3,28.35,26.03,0.19,7.52
2014-12-04,27.89,26.32,29.19,26.32,4.12,-5.28
2014-12-03,24.03,27.79,27.79,24.03,0.57,11.57
2014-12-02,26.03,24.91,26.03,24.17,0.16,-3.39
2014-12-01,23.25,25.79,25.79,23.24,4.98,10.92
2014-11-28,20.66,23.25,23.61,20.65,1.32,12.61
2014-11-27,20.45,20.64,20.91,19.31,0.16,-1.29
2014-11-26,17.94,20.91,20.91,17.94,0.96,17.07
2014-11-25,17.65,17.87,18.13,17.65,0.51,1.8
2014-11-24,17.65,17.55,17.65,17.55,0.02,-0.11
2014-11-21,17.45,17.57,17.65,17.45,0.01,0.69
2014-11-20,17.65,17.45,17.65,17.03,0,-1.73
2014-11-19,18.21,17.75,18.21,17.71,0,-0.78
2014-11-18,18.34,17.89,18.54,17.89,0.03,-2.43
2014-11-17,18.4,18.34,18.4,17.94,0,-0.6
2014-11-14,18.45,18.45,18.45,17.94,0.02,0
2014-11-13,17.8,18.45,18.54,17.8,0.04,3.44
2014-11-12,17.49,17.84,18.03,17.43,0.83,2.13
2014-11-10,17.51,17.47,17.52,17.47,0.05,1.57
2014-11-07,17.56,17.2,17.56,16.93,0,1.93
2014-11-06,16.77,16.87,16.87,16.77,0,0.78
2014-11-05,16.73,16.74,17.66,16.68,0.08,0.67
2014-11-04,16.61,16.63,16.63,16.36,0.01,-0.28
2014-11-03,16.79,16.68,16.79,16.08,0.03,-0.33
2014-10-31,17.18,16.73,17.18,16.73,0,-2.12
2014-10-30,17.19,17.09,17.19,17.09,0,-0.54
2014-10-29,17.19,17.19,17.19,17.19,0,0
2014-10-28,17.19,17.19,17.19,17.19,0,0
2014-10-27,17.28,17.19,17.28,17.19,0,-0.05
2014-10-24,17.2,17.2,17.2,16.92,0.04,0
2014-10-23,17.2,17.2,17.2,17.2,0.19,0
2014-10-22,17.28,17.2,17.28,17.2,0.19,0
2014-10-21,17.2,17.2,17.2,17.2,0.19,0
2014-10-20,17.2,17.2,17.2,17.2,0,0
2014-10-17,17.24,17.2,17.29,17.2,0.09,-0.05
2014-10-16,17.09,17.21,17.21,16.78,0.75,1.65
2014-10-15,17.15,16.93,17.15,16.73,0.01,-0.76
2014-10-14,17.24,17.06,17.29,17.06,0.59,-1.34
2014-10-13,17.15,17.29,17.31,17.15,0.22,1.09
2014-10-10,17.15,17.1,17.2,17.1,0.24,0
2014-10-09,17.15,17.1,17.15,17.1,0.23,0
2014-10-08,17.15,17.1,17.15,16.77,0.59,0
2014-10-07,17.15,17.1,17.15,16.81,0.46,-0.22
2014-10-06,16.64,17.14,17.14,16.64,0.34,2.84
2014-10-03,17.01,16.67,17.01,16.66,0.92,-1.91
2014-10-02,17.01,16.99,17.01,16.91,0.73,-0.11
2014-10-01,17.01,17.01,17.01,16.75,0.28,0
2014-09-30,17,17.01,17.01,16.45,0.3,0.05
2014-09-29,16.73,17,17.01,16.64,0.17,1.61
2014-09-26,16.29,16.73,16.73,16.28,0.06,0
2014-09-25,16.73,16.73,16.73,16.11,0.07,0
2014-09-24,16.73,16.73,16.73,16.64,0.11,0
2014-09-23,16.55,16.73,16.86,16.54,0.06,1.18
2014-09-22,16.71,16.54,16.71,16.36,0.01,-0.28
2014-09-19,16.63,16.58,16.63,16.58,0.01,1.94
2014-09-18,16.07,16.27,16.27,15.82,0.46,2.82
2014-09-17,15.45,15.82,16.26,15.45,0.44,2.53
2014-09-16,15.06,15.43,15.44,15.06,0.58,2.41
2014-09-15,14.86,15.07,15.38,14.78,0.34,2.01
2014-09-12,14.36,14.77,14.77,14.36,0.64,3.52
2014-09-11,14.85,14.27,14.85,14.22,0.03,1.79
2014-09-10,14.08,14.02,14.08,13.94,2.14,0.53
2014-09-09,14.4,13.94,14.4,13.85,2.13,-3.16
2014-09-08,14.41,14.4,14.41,13.94,0.02,0.58
2014-09-05,14.97,14.31,14.97,14.31,0.01,-4.29
2014-09-04,14.87,14.96,14.97,14.51,0.05,0.56
2014-09-03,13.57,14.87,14.87,13.57,0.03,6.74
2014-09-02,13.94,13.93,13.94,13.48,0.05,0
2014-09-01,13.94,13.93,13.94,13.2,0.17,1.28
2014-08-29,13.94,13.76,13.94,13.53,0.2,-1.33
2014-08-28,14.12,13.94,14.12,13.94,0.16,-1.25
2014-08-27,14.12,14.12,14.12,14.04,0.01,0
2014-08-26,14.41,14.12,14.41,13.99,0,-2
2014-08-25,13.95,14.41,14.87,13.95,0.01,1.97
2014-08-22,13.99,14.13,14.13,13.99,0.01,1.33
2014-08-21,14.13,13.94,14.13,13.94,0,-1.32
2014-08-20,14.13,14.13,14.13,13.76,0.02,0
2014-08-19,14.21,14.13,14.21,13.94,0.01,-0.65
2014-08-18,14.35,14.22,14.35,13.8,0.01,0.66
2014-08-14,14.35,14.13,14.35,13.71,0.01,0
2014-08-13,14.34,14.13,14.34,14.13,0,0.07
2014-08-12,14.35,14.12,14.35,13.94,0,-0.07
2014-08-11,14.31,14.13,14.31,14.12,0.03,0
2014-08-08,14.56,14.13,14.56,13.39,0.14,-2.94
2014-08-07,14.86,14.56,14.86,13.94,0.26,-2.12
2014-08-06,15.1,14.87,15.1,14.87,0.08,-1.23
2014-08-05,15.8,15.06,15.8,15.06,0.01,-3.8
2014-08-04,15.43,15.65,15.71,15.43,0.07,0.66
2014-08-01,15.57,15.55,15.57,14.87,0.07,0.3
2014-07-31,15.5,15.5,15.5,15.32,0.04,-0.12
2014-07-30,15.61,15.52,15.61,15.43,0,-0.3
2014-07-29,15.34,15.57,15.76,15.34,0.14,-1.93
2014-07-28,15.99,15.88,15.99,15.88,0.05,1.63
2014-07-25,15.9,15.62,15.9,15.54,0.16,-0.41
2014-07-24,15.74,15.69,15.74,15.69,0.03,-0.35
2014-07-23,15.65,15.74,15.74,15.65,0,0
2014-07-22,15.82,15.74,15.94,15.74,0,-0.29
2014-07-21,15.92,15.79,15.92,15.47,0.03,-2.36
2014-07-18,15.91,16.17,16.17,15.56,0.02,1.54
2014-07-17,15.96,15.92,15.96,15.47,0.03,0.34
2014-07-16,16.17,15.87,16.17,15.61,0.02,-1.19
2014-07-15,16.17,16.06,16.17,15.8,0.01,-0.68
2014-07-14,15.75,16.17,16.17,15.75,0.02,0.4
2014-07-11,16.22,16.1,16.22,15.83,0.02,-0.73
2014-07-10,16.25,16.22,16.25,15.79,0.04,-0.17
2014-07-09,16.26,16.25,16.26,15.83,0.02,-0.06
2014-07-08,16.29,16.26,16.29,16.19,0.04,-0.11
2014-07-07,16.29,16.28,16.29,16.28,0.03,-0.06
2014-07-04,16.29,16.29,16.29,16.29,0,0
2014-07-03,16.29,16.29,16.29,16.29,0,0
2014-07-02,16.24,16.29,16.29,15.79,0.06,1.7
2014-07-01,16.38,16.01,16.38,16.01,0,-2.22
2014-06-30,16.54,16.38,16.54,16.2,0.01,-0.55
2014-06-27,16.56,16.47,16.56,16.47,0,-0.49
2014-06-26,15.98,16.55,16.55,15.98,0.05,-0.05
2014-06-25,16.62,16.56,16.62,16.56,0.01,-0.22
2014-06-24,16.63,16.6,16.63,16.29,0.01,0.22
2014-06-23,16.56,16.56,16.56,16.56,0,-0.27
2014-06-20,16.6,16.6,16.6,16.56,0.01,0.27
2014-06-18,16.55,16.56,16.6,16.55,0.01,0
2014-06-17,16.57,16.56,16.57,16.21,0.03,0.33
2014-06-16,16.56,16.5,16.56,16.01,0.02,-0.38
2014-06-13,16.38,16.57,16.57,16.38,0.01,-0.05
2014-06-12,16.59,16.58,16.59,16.56,0.01,-0.05
2014-06-11,16.65,16.59,16.65,16.38,0.02,-0.38
2014-06-10,16.8,16.65,16.81,16.65,0.05,-0.27
2014-06-09,16.32,16.7,16.7,15.92,0.07,4.14
2014-06-06,16.19,16.03,16.6,16.03,0.21,-0.17
2014-06-05,15.83,16.06,16.06,15.83,0.01,-0.84
2014-06-04,15.65,16.19,16.24,15.65,0.01,-0.28
2014-06-03,16.38,16.24,16.38,15.5,0,-0.5
2014-06-02,16.79,16.32,16.79,16.19,0.02,-2.97
2014-05-30,16.01,16.82,16.82,15.74,0.09,4.46
2014-05-29,16.19,16.1,16.19,16.01,0.01,-1.61
2014-05-28,16.37,16.37,16.37,16.37,0,0.06
2014-05-27,16.38,16.36,16.38,16.15,0.01,-0.39
2014-05-26,16.37,16.42,16.42,16.37,0,0.33
2014-05-23,16.24,16.37,16.37,16.24,0.02,0.28
2014-05-22,15.59,16.32,16.32,15.47,0.06,5.22
2014-05-21,15.57,15.51,15.59,15.15,0.01,-0.41
2014-05-20,15.57,15.58,15.6,15.18,0.03,-1.89
2014-05-19,15.88,15.88,15.88,15.88,0,-0.23
2014-05-16,15.91,15.91,15.92,15.47,0.04,-0.06
2014-05-15,15.47,15.92,15.92,15.47,0.01,2.82
2014-05-14,15.49,15.49,15.49,15.38,0.24,-0.93
2014-05-13,15.82,15.63,15.82,15.47,0.04,-0.12
2014-05-12,16.1,15.65,16.19,15.21,1.01,-2.82
2014-05-09,16.3,16.1,16.3,16.1,0.01,-1.17
2014-05-08,16.32,16.29,16.33,16.29,0.03,-0.17
2014-05-07,16.38,16.32,16.39,16.18,0.12,-0.88
2014-05-06,16.47,16.47,16.65,16.38,0.02,0
2014-05-05,16.74,16.47,16.8,16.47,0.01,0.56
2014-05-02,16.81,16.38,16.81,16.38,0.06,-2.12
2014-04-30,16.88,16.73,16.88,16.38,0.06,-0.54
2014-04-29,16.82,16.82,16.82,16.38,0.03,0
2014-04-28,16.88,16.82,16.88,16.39,0.02,-0.05
2014-04-25,16.72,16.83,16.83,16.38,0.16,-0.22
2014-04-24,16.88,16.87,16.88,16.87,0.02,-0.05
2014-04-23,16.83,16.88,16.92,16.74,0.13,0
2014-04-22,16.64,16.88,16.91,16.42,0.04,3.06
2014-04-17,16.19,16.38,16.56,16.19,0.06,0.56
2014-04-16,16.37,16.29,16.5,16.29,0.06,-0.5
2014-04-15,16.38,16.37,16.53,16.29,0.06,-0.06
2014-04-14,16.73,16.38,16.73,16.24,0.67,-2.7
2014-04-11,17.55,16.83,17.55,16.51,2.54,0
